ticker,cik,year,filing_date,accession,index_url,name,sector
AAPL,0000320193,2024,2024-11-01,0000320193-24-000123,https://www.sec.gov/Archives/edgar/data/320193/000032019324000123/0000320193-24-000123-index.htm,Apple Inc.,Technology
AAPL,0000320193,2023,2023-11-03,0000320193-23-000106,https://www.sec.gov/Archives/edgar/data/320193/000032019323000106/0000320193-23-000106-index.htm,Apple Inc.,Technology
AAPL,0000320193,2022,2022-10-28,0000320193-22-000108,https://www.sec.gov/Archives/edgar/data/320193/000032019322000108/0000320193-22-000108-index.htm,Apple Inc.,Technology
AAPL,0000320193,2021,2021-10-29,0000320193-21-000105,https://www.sec.gov/Archives/edgar/data/320193/000032019321000105/0000320193-21-000105-index.htm,Apple Inc.,Technology
AAPL,0000320193,2020,2020-10-30,0000320193-20-000096,https://www.sec.gov/Archives/edgar/data/320193/000032019320000096/0000320193-20-000096-index.htm,Apple Inc.,Technology
AAPL,0000320193,2019,2019-10-31,0000320193-19-000119,https://www.sec.gov/Archives/edgar/data/320193/000032019319000119/0000320193-19-000119-index.htm,Apple Inc.,Technology
AAPL,0000320193,2018,2018-11-05,0000320193-18-000145,https://www.sec.gov/Archives/edgar/data/320193/000032019318000145/0000320193-18-000145-index.htm,Apple Inc.,Technology
AAPL,0000320193,2017,2017-11-03,0000320193-17-000070,https://www.sec.gov/Archives/edgar/data/320193/000032019317000070/0000320193-17-000070-index.htm,Apple Inc.,Technology
AAPL,0000320193,2016,2016-10-26,0001628280-16-020309,https://www.sec.gov/Archives/edgar/data/320193/000162828016020309/0001628280-16-020309-index.htm,Apple Inc.,Technology
AAPL,0000320193,2015,2015-10-28,0001193125-15-356351,https://www.sec.gov/Archives/edgar/data/320193/000119312515356351/0001193125-15-356351-index.htm,Apple Inc.,Technology
MSFT,0000789019,2024,2024-07-30,0000950170-24-087843,https://www.sec.gov/Archives/edgar/data/789019/000095017024087843/0000950170-24-087843-index.htm,Microsoft Corp.,Technology
MSFT,0000789019,2023,2023-07-27,0000950170-23-035122,https://www.sec.gov/Archives/edgar/data/789019/000095017023035122/0000950170-23-035122-index.htm,Microsoft Corp.,Technology
MSFT,0000789019,2022,2022-07-28,0001564590-22-026876,https://www.sec.gov/Archives/edgar/data/789019/000156459022026876/0001564590-22-026876-index.htm,Microsoft Corp.,Technology
MSFT,0000789019,2021,2021-07-29,0001564590-21-039151,https://www.sec.gov/Archives/edgar/data/789019/000156459021039151/0001564590-21-039151-index.htm,Microsoft Corp.,Technology
MSFT,0000789019,2020,2020-07-30,0001564590-20-034944,https://www.sec.gov/Archives/edgar/data/789019/000156459020034944/0001564590-20-034944-index.htm,Microsoft Corp.,Technology
GOOGL,0001652044,2024,2024-01-31,0001652044-24-000022,https://www.sec.gov/Archives/edgar/data/1652044/000165204424000022/0001652044-24-000022-index.htm,Alphabet Inc.,Technology
GOOGL,0001652044,2023,2023-02-03,0001652044-23-000016,https://www.sec.gov/Archives/edgar/data/1652044/000165204423000016/0001652044-23-000016-index.htm,Alphabet Inc.,Technology
AMZN,0001018724,2024,2024-02-02,0001018724-24-000008,https://www.sec.gov/Archives/edgar/data/1018724/000101872424000008/0001018724-24-000008-index.htm,Amazon.com Inc.,Technology
AMZN,0001018724,2023,2023-02-03,0001018724-23-000004,https://www.sec.gov/Archives/edgar/data/1018724/000101872423000004/0001018724-23-000004-index.htm,Amazon.com Inc.,Technology
AMZN,0001018724,2022,2022-02-04,0001018724-22-000005,https://www.sec.gov/Archives/edgar/data/1018724/000101872422000005/0001018724-22-000005-index.htm,Amazon.com Inc.,Technology
AMZN,0001018724,2021,2021-02-03,0001018724-21-000004,https://www.sec.gov/Archives/edgar/data/1018724/000101872421000004/0001018724-21-000004-index.htm,Amazon.com Inc.,Technology
AMZN,0001018724,2020,2020-01-31,0001018724-20-000004,https://www.sec.gov/Archives/edgar/data/1018724/000101872420000004/0001018724-20-000004-index.htm,Amazon.com Inc.,Technology
NVDA,0001045810,2024,2024-02-21,0001045810-24-000029,https://www.sec.gov/Archives/edgar/data/1045810/000104581024000029/0001045810-24-000029-index.htm,NVIDIA Corp.,Technology
NVDA,0001045810,2023,2023-02-24,0001045810-23-000017,https://www.sec.gov/Archives/edgar/data/1045810/000104581023000017/0001045810-23-000017-index.htm,NVIDIA Corp.,Technology
NVDA,0001045810,2022,2022-03-18,0001045810-22-000036,https://www.sec.gov/Archives/edgar/data/1045810/000104581022000036/0001045810-22-000036-index.htm,NVIDIA Corp.,Technology
NVDA,0001045810,2021,2021-02-26,0001045810-21-000010,https://www.sec.gov/Archives/edgar/data/1045810/000104581021000010/0001045810-21-000010-index.htm,NVIDIA Corp.,Technology
NVDA,0001045810,2020,2020-02-20,0001045810-20-000010,https://www.sec.gov/Archives/edgar/data/1045810/000104581020000010/0001045810-20-000010-index.htm,NVIDIA Corp.,Technology
INTC,0000050863,2024,2024-01-26,0000050863-24-000010,https://www.sec.gov/Archives/edgar/data/50863/000005086324000010/0000050863-24-000010-index.htm,Intel Corp.,Technology
INTC,0000050863,2023,2023-01-27,0000050863-23-000006,https://www.sec.gov/Archives/edgar/data/50863/000005086323000006/0000050863-23-000006-index.htm,Intel Corp.,Technology
INTC,0000050863,2022,2022-01-27,0000050863-22-000007,https://www.sec.gov/Archives/edgar/data/50863/000005086322000007/0000050863-22-000007-index.htm,Intel Corp.,Technology
INTC,0000050863,2021,2021-01-22,0000050863-21-000010,https://www.sec.gov/Archives/edgar/data/50863/000005086321000010/0000050863-21-000010-index.htm,Intel Corp.,Technology
INTC,0000050863,2020,2020-01-24,0000050863-20-000011,https://www.sec.gov/Archives/edgar/data/50863/000005086320000011/0000050863-20-000011-index.htm,Intel Corp.,Technology
INTC,0000050863,2019,2019-02-01,0000050863-19-000007,https://www.sec.gov/Archives/edgar/data/50863/000005086319000007/0000050863-19-000007-index.htm,Intel Corp.,Technology
ORCL,0001341439,2024,2024-06-20,0000950170-24-075605,https://www.sec.gov/Archives/edgar/data/1341439/000095017024075605/0000950170-24-075605-index.htm,Oracle Corp.,Technology
ORCL,0001341439,2023,2023-06-20,0000950170-23-028914,https://www.sec.gov/Archives/edgar/data/1341439/000095017023028914/0000950170-23-028914-index.htm,Oracle Corp.,Technology
ORCL,0001341439,2022,2022-06-21,0001564590-22-023675,https://www.sec.gov/Archives/edgar/data/1341439/000156459022023675/0001564590-22-023675-index.htm,Oracle Corp.,Technology
ORCL,0001341439,2021,2021-06-21,0001564590-21-033616,https://www.sec.gov/Archives/edgar/data/1341439/000156459021033616/0001564590-21-033616-index.htm,Oracle Corp.,Technology
ORCL,0001341439,2020,2020-06-22,0001564590-20-030125,https://www.sec.gov/Archives/edgar/data/1341439/000156459020030125/0001564590-20-030125-index.htm,Oracle Corp.,Technology
ORCL,0001341439,2019,2019-06-21,0001564590-19-023119,https://www.sec.gov/Archives/edgar/data/1341439/000156459019023119/0001564590-19-023119-index.htm,Oracle Corp.,Technology
ORCL,0001341439,2018,2018-06-22,0001193125-18-201034,https://www.sec.gov/Archives/edgar/data/1341439/000119312518201034/0001193125-18-201034-index.htm,Oracle Corp.,Technology
ORCL,0001341439,2017,2017-06-27,0001193125-17-214833,https://www.sec.gov/Archives/edgar/data/1341439/000119312517214833/0001193125-17-214833-index.htm,Oracle Corp.,Technology
ORCL,0001341439,2016,2016-06-22,0001193125-16-628942,https://www.sec.gov/Archives/edgar/data/1341439/000119312516628942/0001193125-16-628942-index.htm,Oracle Corp.,Technology
IBM,0000051143,2024,2024-02-26,0000051143-24-000012,https://www.sec.gov/Archives/edgar/data/51143/000005114324000012/0000051143-24-000012-index.htm,IBM Corp.,Technology
IBM,0000051143,2023,2023-02-28,0001558370-23-002376,https://www.sec.gov/Archives/edgar/data/51143/000155837023002376/0001558370-23-002376-index.htm,IBM Corp.,Technology
IBM,0000051143,2022,2022-02-22,0001558370-22-001584,https://www.sec.gov/Archives/edgar/data/51143/000155837022001584/0001558370-22-001584-index.htm,IBM Corp.,Technology
IBM,0000051143,2021,2021-02-23,0001558370-21-001489,https://www.sec.gov/Archives/edgar/data/51143/000155837021001489/0001558370-21-001489-index.htm,IBM Corp.,Technology
IBM,0000051143,2020,2020-02-25,0001558370-20-001334,https://www.sec.gov/Archives/edgar/data/51143/000155837020001334/0001558370-20-001334-index.htm,IBM Corp.,Technology
CSCO,0000858877,2024,2024-09-05,0000858877-24-000017,https://www.sec.gov/Archives/edgar/data/858877/000085887724000017/0000858877-24-000017-index.htm,Cisco Systems Inc.,Technology
CSCO,0000858877,2023,2023-09-07,0000858877-23-000023,https://www.sec.gov/Archives/edgar/data/858877/000085887723000023/0000858877-23-000023-index.htm,Cisco Systems Inc.,Technology
CSCO,0000858877,2022,2022-09-08,0000858877-22-000013,https://www.sec.gov/Archives/edgar/data/858877/000085887722000013/0000858877-22-000013-index.htm,Cisco Systems Inc.,Technology
CSCO,0000858877,2021,2021-09-09,0000858877-21-000013,https://www.sec.gov/Archives/edgar/data/858877/000085887721000013/0000858877-21-000013-index.htm,Cisco Systems Inc.,Technology
CSCO,0000858877,2020,2020-09-03,0000858877-20-000010,https://www.sec.gov/Archives/edgar/data/858877/000085887720000010/0000858877-20-000010-index.htm,Cisco Systems Inc.,Technology
ADBE,0000796343,2024,2024-01-17,0000796343-24-000006,https://www.sec.gov/Archives/edgar/data/796343/000079634324000006/0000796343-24-000006-index.htm,Adobe Inc.,Technology
ADBE,0000796343,2023,2023-01-17,0000796343-23-000007,https://www.sec.gov/Archives/edgar/data/796343/000079634323000007/0000796343-23-000007-index.htm,Adobe Inc.,Technology
ADBE,0000796343,2022,2022-01-21,0000796343-22-000032,https://www.sec.gov/Archives/edgar/data/796343/000079634322000032/0000796343-22-000032-index.htm,Adobe Inc.,Technology
ADBE,0000796343,2021,2021-01-15,0000796343-21-000004,https://www.sec.gov/Archives/edgar/data/796343/000079634321000004/0000796343-21-000004-index.htm,Adobe Inc.,Technology
ADBE,0000796343,2020,2020-01-21,0000796343-20-000013,https://www.sec.gov/Archives/edgar/data/796343/000079634320000013/0000796343-20-000013-index.htm,Adobe Inc.,Technology
ADBE,0000796343,2019,2019-01-25,0000796343-19-000019,https://www.sec.gov/Archives/edgar/data/796343/000079634319000019/0000796343-19-000019-index.htm,Adobe Inc.,Technology
ADBE,0000796343,2018,2018-01-22,0000796343-18-000015,https://www.sec.gov/Archives/edgar/data/796343/000079634318000015/0000796343-18-000015-index.htm,Adobe Inc.,Technology
CRM,0001108524,2024,2024-03-06,0001108524-24-000005,https://www.sec.gov/Archives/edgar/data/1108524/000110852424000005/0001108524-24-000005-index.htm,Salesforce Inc.,Technology
QCOM,0000804328,2024,2024-11-06,0000804328-24-000075,https://www.sec.gov/Archives/edgar/data/804328/000080432824000075/0000804328-24-000075-index.htm,Qualcomm Inc.,Technology
QCOM,0000804328,2023,2023-11-01,0000804328-23-000055,https://www.sec.gov/Archives/edgar/data/804328/000080432823000055/0000804328-23-000055-index.htm,Qualcomm Inc.,Technology
QCOM,0000804328,2022,2022-11-02,0000804328-22-000021,https://www.sec.gov/Archives/edgar/data/804328/000080432822000021/0000804328-22-000021-index.htm,Qualcomm Inc.,Technology
QCOM,0000804328,2021,2021-11-03,0001728949-21-000076,https://www.sec.gov/Archives/edgar/data/804328/000172894921000076/0001728949-21-000076-index.htm,Qualcomm Inc.,Technology
QCOM,0000804328,2020,2020-11-04,0001728949-20-000067,https://www.sec.gov/Archives/edgar/data/804328/000172894920000067/0001728949-20-000067-index.htm,Qualcomm Inc.,Technology
QCOM,0000804328,2019,2019-11-06,0001728949-19-000072,https://www.sec.gov/Archives/edgar/data/804328/000172894919000072/0001728949-19-000072-index.htm,Qualcomm Inc.,Technology
QCOM,0000804328,2018,2018-11-07,0001728949-18-000095,https://www.sec.gov/Archives/edgar/data/804328/000172894918000095/0001728949-18-000095-index.htm,Qualcomm Inc.,Technology
TXN,0000097476,2024,2024-02-02,0000097476-24-000007,https://www.sec.gov/Archives/edgar/data/97476/000009747624000007/0000097476-24-000007-index.htm,Texas Instruments Inc.,Technology
TXN,0000097476,2023,2023-02-03,0000097476-23-000007,https://www.sec.gov/Archives/edgar/data/97476/000009747623000007/0000097476-23-000007-index.htm,Texas Instruments Inc.,Technology
TXN,0000097476,2022,2022-02-04,0000097476-22-000009,https://www.sec.gov/Archives/edgar/data/97476/000009747622000009/0000097476-22-000009-index.htm,Texas Instruments Inc.,Technology
TXN,0000097476,2021,2021-02-05,0000097476-21-000006,https://www.sec.gov/Archives/edgar/data/97476/000009747621000006/0000097476-21-000006-index.htm,Texas Instruments Inc.,Technology
TXN,0000097476,2020,2020-02-20,0000097476-20-000009,https://www.sec.gov/Archives/edgar/data/97476/000009747620000009/0000097476-20-000009-index.htm,Texas Instruments Inc.,Technology
TXN,0000097476,2019,2019-02-22,0001564590-19-003839,https://www.sec.gov/Archives/edgar/data/97476/000156459019003839/0001564590-19-003839-index.htm,Texas Instruments Inc.,Technology
TXN,0000097476,2018,2018-02-22,0001564590-18-002832,https://www.sec.gov/Archives/edgar/data/97476/000156459018002832/0001564590-18-002832-index.htm,Texas Instruments Inc.,Technology
TXN,0000097476,2017,2017-02-23,0001564590-17-002142,https://www.sec.gov/Archives/edgar/data/97476/000156459017002142/0001564590-17-002142-index.htm,Texas Instruments Inc.,Technology
AMD,0000002488,2024,2024-01-31,0000002488-24-000012,https://www.sec.gov/Archives/edgar/data/2488/000000248824000012/0000002488-24-000012-index.htm,Advanced Micro Devices,Technology
AMD,0000002488,2023,2023-02-27,0000002488-23-000047,https://www.sec.gov/Archives/edgar/data/2488/000000248823000047/0000002488-23-000047-index.htm,Advanced Micro Devices,Technology
AMD,0000002488,2022,2022-02-03,0000002488-22-000016,https://www.sec.gov/Archives/edgar/data/2488/000000248822000016/0000002488-22-000016-index.htm,Advanced Micro Devices,Technology
AMD,0000002488,2021,2021-01-29,0001628280-21-001185,https://www.sec.gov/Archives/edgar/data/2488/000162828021001185/0001628280-21-001185-index.htm,Advanced Micro Devices,Technology
AMD,0000002488,2020,2020-02-04,0000002488-20-000008,https://www.sec.gov/Archives/edgar/data/2488/000000248820000008/0000002488-20-000008-index.htm,Advanced Micro Devices,Technology
AMD,0000002488,2019,2019-02-08,0000002488-19-000011,https://www.sec.gov/Archives/edgar/data/2488/000000248819000011/0000002488-19-000011-index.htm,Advanced Micro Devices,Technology
AMD,0000002488,2018,2018-02-27,0000002488-18-000042,https://www.sec.gov/Archives/edgar/data/2488/000000248818000042/0000002488-18-000042-index.htm,Advanced Micro Devices,Technology
BLK,0001364742,2024,2024-02-23,0000950170-24-019271,https://www.sec.gov/Archives/edgar/data/1364742/000095017024019271/0000950170-24-019271-index.htm,BlackRock Inc.,Financials
AXP,0000004962,2024,2024-02-09,0000004962-24-000013,https://www.sec.gov/Archives/edgar/data/4962/000000496224000013/0000004962-24-000013-index.htm,American Express Co.,Financials
AXP,0000004962,2023,2023-02-10,0000004962-23-000006,https://www.sec.gov/Archives/edgar/data/4962/000000496223000006/0000004962-23-000006-index.htm,American Express Co.,Financials
AXP,0000004962,2022,2022-02-11,0000004962-22-000008,https://www.sec.gov/Archives/edgar/data/4962/000000496222000008/0000004962-22-000008-index.htm,American Express Co.,Financials
AXP,0000004962,2021,2021-02-12,0000004962-21-000013,https://www.sec.gov/Archives/edgar/data/4962/000000496221000013/0000004962-21-000013-index.htm,American Express Co.,Financials
AXP,0000004962,2020,2020-02-13,0000004962-20-000030,https://www.sec.gov/Archives/edgar/data/4962/000000496220000030/0000004962-20-000030-index.htm,American Express Co.,Financials
BRK-B,0001067983,2024,2024-02-26,0000950170-24-019719,https://www.sec.gov/Archives/edgar/data/1067983/000095017024019719/0000950170-24-019719-index.htm,Berkshire Hathaway Inc.,Financials
BRK-B,0001067983,2023,2023-02-27,0000950170-23-004451,https://www.sec.gov/Archives/edgar/data/1067983/000095017023004451/0000950170-23-004451-index.htm,Berkshire Hathaway Inc.,Financials
BRK-B,0001067983,2022,2022-02-28,0001564590-22-007322,https://www.sec.gov/Archives/edgar/data/1067983/000156459022007322/0001564590-22-007322-index.htm,Berkshire Hathaway Inc.,Financials
BRK-B,0001067983,2021,2021-03-01,0001564590-21-009611,https://www.sec.gov/Archives/edgar/data/1067983/000156459021009611/0001564590-21-009611-index.htm,Berkshire Hathaway Inc.,Financials
BRK-B,0001067983,2020,2020-02-24,0001564590-20-005874,https://www.sec.gov/Archives/edgar/data/1067983/000156459020005874/0001564590-20-005874-index.htm,Berkshire Hathaway Inc.,Financials
BRK-B,0001067983,2019,2019-02-25,0001193125-19-048926,https://www.sec.gov/Archives/edgar/data/1067983/000119312519048926/0001193125-19-048926-index.htm,Berkshire Hathaway Inc.,Financials
BRK-B,0001067983,2018,2018-02-26,0001193125-18-057033,https://www.sec.gov/Archives/edgar/data/1067983/000119312518057033/0001193125-18-057033-index.htm,Berkshire Hathaway Inc.,Financials
BRK-B,0001067983,2017,2017-02-27,0001193125-17-056969,https://www.sec.gov/Archives/edgar/data/1067983/000119312517056969/0001193125-17-056969-index.htm,Berkshire Hathaway Inc.,Financials
USB,0000036104,2024,2024-02-20,0000036104-24-000018,https://www.sec.gov/Archives/edgar/data/36104/000003610424000018/0000036104-24-000018-index.htm,U.S. Bancorp,Financials
USB,0000036104,2023,2023-02-27,0001193125-23-050691,https://www.sec.gov/Archives/edgar/data/36104/000119312523050691/0001193125-23-050691-index.htm,U.S. Bancorp,Financials
USB,0000036104,2022,2022-02-22,0001193125-22-048709,https://www.sec.gov/Archives/edgar/data/36104/000119312522048709/0001193125-22-048709-index.htm,U.S. Bancorp,Financials
USB,0000036104,2021,2021-02-23,0001193125-21-052547,https://www.sec.gov/Archives/edgar/data/36104/000119312521052547/0001193125-21-052547-index.htm,U.S. Bancorp,Financials
JNJ,0000200406,2024,2024-02-16,0000200406-24-000013,https://www.sec.gov/Archives/edgar/data/200406/000020040624000013/0000200406-24-000013-index.htm,Johnson & Johnson,Healthcare
JNJ,0000200406,2023,2023-02-16,0000200406-23-000016,https://www.sec.gov/Archives/edgar/data/200406/000020040623000016/0000200406-23-000016-index.htm,Johnson & Johnson,Healthcare
JNJ,0000200406,2022,2022-02-17,0000200406-22-000022,https://www.sec.gov/Archives/edgar/data/200406/000020040622000022/0000200406-22-000022-index.htm,Johnson & Johnson,Healthcare
JNJ,0000200406,2021,2021-02-22,0000200406-21-000008,https://www.sec.gov/Archives/edgar/data/200406/000020040621000008/0000200406-21-000008-index.htm,Johnson & Johnson,Healthcare
JNJ,0000200406,2020,2020-02-18,0000200406-20-000010,https://www.sec.gov/Archives/edgar/data/200406/000020040620000010/0000200406-20-000010-index.htm,Johnson & Johnson,Healthcare
JNJ,0000200406,2019,2019-02-20,0000200406-19-000009,https://www.sec.gov/Archives/edgar/data/200406/000020040619000009/0000200406-19-000009-index.htm,Johnson & Johnson,Healthcare
JNJ,0000200406,2018,2018-02-21,0000200406-18-000005,https://www.sec.gov/Archives/edgar/data/200406/000020040618000005/0000200406-18-000005-index.htm,Johnson & Johnson,Healthcare
UNH,0000731766,2024,2024-02-28,0000731766-24-000081,https://www.sec.gov/Archives/edgar/data/731766/000073176624000081/0000731766-24-000081-index.htm,UnitedHealth Group Inc.,Healthcare
UNH,0000731766,2023,2023-02-24,0000731766-23-000008,https://www.sec.gov/Archives/edgar/data/731766/000073176623000008/0000731766-23-000008-index.htm,UnitedHealth Group Inc.,Healthcare
UNH,0000731766,2022,2022-02-15,0000731766-22-000008,https://www.sec.gov/Archives/edgar/data/731766/000073176622000008/0000731766-22-000008-index.htm,UnitedHealth Group Inc.,Healthcare
UNH,0000731766,2021,2021-03-01,0000731766-21-000013,https://www.sec.gov/Archives/edgar/data/731766/000073176621000013/0000731766-21-000013-index.htm,UnitedHealth Group Inc.,Healthcare
PFE,0000078003,2024,2024-02-22,0000078003-24-000039,https://www.sec.gov/Archives/edgar/data/78003/000007800324000039/0000078003-24-000039-index.htm,Pfizer Inc.,Healthcare
PFE,0000078003,2023,2023-02-23,0000078003-23-000024,https://www.sec.gov/Archives/edgar/data/78003/000007800323000024/0000078003-23-000024-index.htm,Pfizer Inc.,Healthcare
PFE,0000078003,2022,2022-02-24,0000078003-22-000027,https://www.sec.gov/Archives/edgar/data/78003/000007800322000027/0000078003-22-000027-index.htm,Pfizer Inc.,Healthcare
PFE,0000078003,2021,2021-02-25,0000078003-21-000038,https://www.sec.gov/Archives/edgar/data/78003/000007800321000038/0000078003-21-000038-index.htm,Pfizer Inc.,Healthcare
ABBV,0001551152,2024,2024-02-20,0001551152-24-000011,https://www.sec.gov/Archives/edgar/data/1551152/000155115224000011/0001551152-24-000011-index.htm,AbbVie Inc.,Healthcare
ABBV,0001551152,2023,2023-02-17,0001551152-23-000011,https://www.sec.gov/Archives/edgar/data/1551152/000155115223000011/0001551152-23-000011-index.htm,AbbVie Inc.,Healthcare
ABBV,0001551152,2022,2022-02-18,0001551152-22-000007,https://www.sec.gov/Archives/edgar/data/1551152/000155115222000007/0001551152-22-000007-index.htm,AbbVie Inc.,Healthcare
ABBV,0001551152,2021,2021-02-19,0001551152-21-000008,https://www.sec.gov/Archives/edgar/data/1551152/000155115221000008/0001551152-21-000008-index.htm,AbbVie Inc.,Healthcare
ABBV,0001551152,2020,2020-02-21,0001551152-20-000007,https://www.sec.gov/Archives/edgar/data/1551152/000155115220000007/0001551152-20-000007-index.htm,AbbVie Inc.,Healthcare
ABBV,0001551152,2019,2019-02-27,0001551152-19-000008,https://www.sec.gov/Archives/edgar/data/1551152/000155115219000008/0001551152-19-000008-index.htm,AbbVie Inc.,Healthcare
ABBV,0001551152,2018,2018-02-16,0001551152-18-000014,https://www.sec.gov/Archives/edgar/data/1551152/000155115218000014/0001551152-18-000014-index.htm,AbbVie Inc.,Healthcare
ABBV,0001551152,2017,2017-02-17,0001551152-17-000004,https://www.sec.gov/Archives/edgar/data/1551152/000155115217000004/0001551152-17-000004-index.htm,AbbVie Inc.,Healthcare
MRK,0000310158,2024,2024-02-26,0001628280-24-006850,https://www.sec.gov/Archives/edgar/data/310158/000162828024006850/0001628280-24-006850-index.htm,Merck & Co. Inc.,Healthcare
MRK,0000310158,2023,2023-02-24,0001628280-23-005061,https://www.sec.gov/Archives/edgar/data/310158/000162828023005061/0001628280-23-005061-index.htm,Merck & Co. Inc.,Healthcare
MRK,0000310158,2022,2022-02-25,0000310158-22-000003,https://www.sec.gov/Archives/edgar/data/310158/000031015822000003/0000310158-22-000003-index.htm,Merck & Co. Inc.,Healthcare
MRK,0000310158,2021,2021-02-25,0000310158-21-000004,https://www.sec.gov/Archives/edgar/data/310158/000031015821000004/0000310158-21-000004-index.htm,Merck & Co. Inc.,Healthcare
MRK,0000310158,2020,2020-02-26,0000310158-20-000005,https://www.sec.gov/Archives/edgar/data/310158/000031015820000005/0000310158-20-000005-index.htm,Merck & Co. Inc.,Healthcare
MRK,0000310158,2019,2019-02-27,0000310158-19-000014,https://www.sec.gov/Archives/edgar/data/310158/000031015819000014/0000310158-19-000014-index.htm,Merck & Co. Inc.,Healthcare
MRK,0000310158,2018,2018-02-27,0000310158-18-000005,https://www.sec.gov/Archives/edgar/data/310158/000031015818000005/0000310158-18-000005-index.htm,Merck & Co. Inc.,Healthcare
TMO,0000097745,2024,2024-02-22,0000097745-24-000007,https://www.sec.gov/Archives/edgar/data/97745/000009774524000007/0000097745-24-000007-index.htm,Thermo Fisher Scientific,Healthcare
TMO,0000097745,2023,2023-02-23,0000097745-23-000008,https://www.sec.gov/Archives/edgar/data/97745/000009774523000008/0000097745-23-000008-index.htm,Thermo Fisher Scientific,Healthcare
TMO,0000097745,2022,2022-02-24,0000097745-22-000011,https://www.sec.gov/Archives/edgar/data/97745/000009774522000011/0000097745-22-000011-index.htm,Thermo Fisher Scientific,Healthcare
TMO,0000097745,2021,2021-02-25,0000097745-21-000011,https://www.sec.gov/Archives/edgar/data/97745/000009774521000011/0000097745-21-000011-index.htm,Thermo Fisher Scientific,Healthcare
TMO,0000097745,2020,2020-02-26,0000097745-20-000009,https://www.sec.gov/Archives/edgar/data/97745/000009774520000009/0000097745-20-000009-index.htm,Thermo Fisher Scientific,Healthcare
TMO,0000097745,2019,2019-02-27,0000097745-19-000007,https://www.sec.gov/Archives/edgar/data/97745/000009774519000007/0000097745-19-000007-index.htm,Thermo Fisher Scientific,Healthcare
ABT,0000001800,2024,2024-02-16,0001628280-24-005348,https://www.sec.gov/Archives/edgar/data/1800/000162828024005348/0001628280-24-005348-index.htm,Abbott Laboratories,Healthcare
ABT,0000001800,2023,2023-02-17,0001628280-23-004026,https://www.sec.gov/Archives/edgar/data/1800/000162828023004026/0001628280-23-004026-index.htm,Abbott Laboratories,Healthcare
ABT,0000001800,2022,2022-02-18,0001104659-22-025141,https://www.sec.gov/Archives/edgar/data/1800/000110465922025141/0001104659-22-025141-index.htm,Abbott Laboratories,Healthcare
ABT,0000001800,2021,2021-02-19,0001104659-21-025751,https://www.sec.gov/Archives/edgar/data/1800/000110465921025751/0001104659-21-025751-index.htm,Abbott Laboratories,Healthcare
ABT,0000001800,2020,2020-02-21,0001104659-20-023904,https://www.sec.gov/Archives/edgar/data/1800/000110465920023904/0001104659-20-023904-index.htm,Abbott Laboratories,Healthcare
ABT,0000001800,2019,2019-02-22,0001047469-19-000624,https://www.sec.gov/Archives/edgar/data/1800/000104746919000624/0001047469-19-000624-index.htm,Abbott Laboratories,Healthcare
LLY,0000059478,2024,2024-02-21,0000059478-24-000065,https://www.sec.gov/Archives/edgar/data/59478/000005947824000065/0000059478-24-000065-index.htm,Eli Lilly & Co.,Healthcare
LLY,0000059478,2023,2023-02-22,0000059478-23-000082,https://www.sec.gov/Archives/edgar/data/59478/000005947823000082/0000059478-23-000082-index.htm,Eli Lilly & Co.,Healthcare
LLY,0000059478,2022,2022-02-23,0000059478-22-000068,https://www.sec.gov/Archives/edgar/data/59478/000005947822000068/0000059478-22-000068-index.htm,Eli Lilly & Co.,Healthcare
BMY,0000014272,2024,2024-02-13,0000014272-24-000044,https://www.sec.gov/Archives/edgar/data/14272/000001427224000044/0000014272-24-000044-index.htm,Bristol-Myers Squibb,Healthcare
BMY,0000014272,2023,2023-02-14,0000014272-23-000046,https://www.sec.gov/Archives/edgar/data/14272/000001427223000046/0000014272-23-000046-index.htm,Bristol-Myers Squibb,Healthcare
BMY,0000014272,2022,2022-02-09,0000014272-22-000051,https://www.sec.gov/Archives/edgar/data/14272/000001427222000051/0000014272-22-000051-index.htm,Bristol-Myers Squibb,Healthcare
BMY,0000014272,2021,2021-02-10,0000014272-21-000066,https://www.sec.gov/Archives/edgar/data/14272/000001427221000066/0000014272-21-000066-index.htm,Bristol-Myers Squibb,Healthcare
BMY,0000014272,2020,2020-02-24,0000014272-20-000082,https://www.sec.gov/Archives/edgar/data/14272/000001427220000082/0000014272-20-000082-index.htm,Bristol-Myers Squibb,Healthcare
BMY,0000014272,2019,2019-02-25,0000014272-19-000047,https://www.sec.gov/Archives/edgar/data/14272/000001427219000047/0000014272-19-000047-index.htm,Bristol-Myers Squibb,Healthcare
AMGN,0000318154,2024,2024-02-14,0000318154-24-000011,https://www.sec.gov/Archives/edgar/data/318154/000031815424000011/0000318154-24-000011-index.htm,Amgen Inc.,Healthcare
AMGN,0000318154,2023,2023-02-09,0000318154-23-000017,https://www.sec.gov/Archives/edgar/data/318154/000031815423000017/0000318154-23-000017-index.htm,Amgen Inc.,Healthcare
AMGN,0000318154,2022,2022-02-16,0000318154-22-000010,https://www.sec.gov/Archives/edgar/data/318154/000031815422000010/0000318154-22-000010-index.htm,Amgen Inc.,Healthcare
AMGN,0000318154,2021,2021-02-09,0000318154-21-000010,https://www.sec.gov/Archives/edgar/data/318154/000031815421000010/0000318154-21-000010-index.htm,Amgen Inc.,Healthcare
AMGN,0000318154,2020,2020-02-12,0000318154-20-000017,https://www.sec.gov/Archives/edgar/data/318154/000031815420000017/0000318154-20-000017-index.htm,Amgen Inc.,Healthcare
AMGN,0000318154,2019,2019-02-13,0000318154-19-000008,https://www.sec.gov/Archives/edgar/data/318154/000031815419000008/0000318154-19-000008-index.htm,Amgen Inc.,Healthcare
AMGN,0000318154,2018,2018-02-13,0000318154-18-000004,https://www.sec.gov/Archives/edgar/data/318154/000031815418000004/0000318154-18-000004-index.htm,Amgen Inc.,Healthcare
TSLA,0001318605,2024,2024-01-29,0001628280-24-002390,https://www.sec.gov/Archives/edgar/data/1318605/000162828024002390/0001628280-24-002390-index.htm,Tesla Inc.,Consumer Discretionary
TSLA,0001318605,2023,2023-01-31,0000950170-23-001409,https://www.sec.gov/Archives/edgar/data/1318605/000095017023001409/0000950170-23-001409-index.htm,Tesla Inc.,Consumer Discretionary
TSLA,0001318605,2022,2022-02-07,0000950170-22-000796,https://www.sec.gov/Archives/edgar/data/1318605/000095017022000796/0000950170-22-000796-index.htm,Tesla Inc.,Consumer Discretionary
TSLA,0001318605,2021,2021-02-08,0001564590-21-004599,https://www.sec.gov/Archives/edgar/data/1318605/000156459021004599/0001564590-21-004599-index.htm,Tesla Inc.,Consumer Discretionary
TSLA,0001318605,2020,2020-02-13,0001564590-20-004475,https://www.sec.gov/Archives/edgar/data/1318605/000156459020004475/0001564590-20-004475-index.htm,Tesla Inc.,Consumer Discretionary
TSLA,0001318605,2019,2019-02-19,0001564590-19-003165,https://www.sec.gov/Archives/edgar/data/1318605/000156459019003165/0001564590-19-003165-index.htm,Tesla Inc.,Consumer Discretionary
TSLA,0001318605,2018,2018-02-23,0001564590-18-002956,https://www.sec.gov/Archives/edgar/data/1318605/000156459018002956/0001564590-18-002956-index.htm,Tesla Inc.,Consumer Discretionary
HD,0000354950,2024,2024-03-13,0000354950-24-000062,https://www.sec.gov/Archives/edgar/data/354950/000035495024000062/0000354950-24-000062-index.htm,Home Depot Inc.,Consumer Discretionary
HD,0000354950,2023,2023-03-15,0000354950-23-000059,https://www.sec.gov/Archives/edgar/data/354950/000035495023000059/0000354950-23-000059-index.htm,Home Depot Inc.,Consumer Discretionary
HD,0000354950,2022,2022-03-23,0000354950-22-000070,https://www.sec.gov/Archives/edgar/data/354950/000035495022000070/0000354950-22-000070-index.htm,Home Depot Inc.,Consumer Discretionary
HD,0000354950,2021,2021-03-24,0000354950-21-000089,https://www.sec.gov/Archives/edgar/data/354950/000035495021000089/0000354950-21-000089-index.htm,Home Depot Inc.,Consumer Discretionary
HD,0000354950,2020,2020-03-25,0000354950-20-000015,https://www.sec.gov/Archives/edgar/data/354950/000035495020000015/0000354950-20-000015-index.htm,Home Depot Inc.,Consumer Discretionary
HD,0000354950,2019,2019-03-28,0000354950-19-000010,https://www.sec.gov/Archives/edgar/data/354950/000035495019000010/0000354950-19-000010-index.htm,Home Depot Inc.,Consumer Discretionary
HD,0000354950,2018,2018-03-22,0000354950-18-000019,https://www.sec.gov/Archives/edgar/data/354950/000035495018000019/0000354950-18-000019-index.htm,Home Depot Inc.,Consumer Discretionary
MCD,0000063908,2024,2024-02-22,0000063908-24-000072,https://www.sec.gov/Archives/edgar/data/63908/000006390824000072/0000063908-24-000072-index.htm,McDonald's Corp.,Consumer Discretionary
MCD,0000063908,2023,2023-02-24,0000063908-23-000012,https://www.sec.gov/Archives/edgar/data/63908/000006390823000012/0000063908-23-000012-index.htm,McDonald's Corp.,Consumer Discretionary
MCD,0000063908,2022,2022-02-24,0000063908-22-000011,https://www.sec.gov/Archives/edgar/data/63908/000006390822000011/0000063908-22-000011-index.htm,McDonald's Corp.,Consumer Discretionary
MCD,0000063908,2021,2021-02-23,0000063908-21-000013,https://www.sec.gov/Archives/edgar/data/63908/000006390821000013/0000063908-21-000013-index.htm,McDonald's Corp.,Consumer Discretionary
MCD,0000063908,2020,2020-02-26,0000063908-20-000022,https://www.sec.gov/Archives/edgar/data/63908/000006390820000022/0000063908-20-000022-index.htm,McDonald's Corp.,Consumer Discretionary
MCD,0000063908,2019,2019-02-22,0000063908-19-000010,https://www.sec.gov/Archives/edgar/data/63908/000006390819000010/0000063908-19-000010-index.htm,McDonald's Corp.,Consumer Discretionary
MCD,0000063908,2018,2018-02-23,0000063908-18-000010,https://www.sec.gov/Archives/edgar/data/63908/000006390818000010/0000063908-18-000010-index.htm,McDonald's Corp.,Consumer Discretionary
MCD,0000063908,2017,2017-03-01,0000063908-17-000017,https://www.sec.gov/Archives/edgar/data/63908/000006390817000017/0000063908-17-000017-index.htm,McDonald's Corp.,Consumer Discretionary
NKE,0000320187,2024,2024-07-25,0000320187-24-000044,https://www.sec.gov/Archives/edgar/data/320187/000032018724000044/0000320187-24-000044-index.htm,Nike Inc.,Consumer Discretionary
NKE,0000320187,2023,2023-07-20,0000320187-23-000039,https://www.sec.gov/Archives/edgar/data/320187/000032018723000039/0000320187-23-000039-index.htm,Nike Inc.,Consumer Discretionary
NKE,0000320187,2022,2022-07-21,0000320187-22-000038,https://www.sec.gov/Archives/edgar/data/320187/000032018722000038/0000320187-22-000038-index.htm,Nike Inc.,Consumer Discretionary
NKE,0000320187,2021,2021-07-20,0000320187-21-000028,https://www.sec.gov/Archives/edgar/data/320187/000032018721000028/0000320187-21-000028-index.htm,Nike Inc.,Consumer Discretionary
NKE,0000320187,2020,2020-07-24,0000320187-20-000047,https://www.sec.gov/Archives/edgar/data/320187/000032018720000047/0000320187-20-000047-index.htm,Nike Inc.,Consumer Discretionary
NKE,0000320187,2019,2019-07-23,0000320187-19-000051,https://www.sec.gov/Archives/edgar/data/320187/000032018719000051/0000320187-19-000051-index.htm,Nike Inc.,Consumer Discretionary
NKE,0000320187,2018,2018-07-25,0000320187-18-000142,https://www.sec.gov/Archives/edgar/data/320187/000032018718000142/0000320187-18-000142-index.htm,Nike Inc.,Consumer Discretionary
NKE,0000320187,2017,2017-07-20,0000320187-17-000090,https://www.sec.gov/Archives/edgar/data/320187/000032018717000090/0000320187-17-000090-index.htm,Nike Inc.,Consumer Discretionary
NKE,0000320187,2016,2016-07-21,0000320187-16-000336,https://www.sec.gov/Archives/edgar/data/320187/000032018716000336/0000320187-16-000336-index.htm,Nike Inc.,Consumer Discretionary
NKE,0000320187,2015,2015-07-23,0000320187-15-000113,https://www.sec.gov/Archives/edgar/data/320187/000032018715000113/0000320187-15-000113-index.htm,Nike Inc.,Consumer Discretionary
SBUX,0000829224,2024,2024-11-20,0000829224-24-000057,https://www.sec.gov/Archives/edgar/data/829224/000082922424000057/0000829224-24-000057-index.htm,Starbucks Corp.,Consumer Discretionary
SBUX,0000829224,2023,2023-11-17,0000829224-23-000058,https://www.sec.gov/Archives/edgar/data/829224/000082922423000058/0000829224-23-000058-index.htm,Starbucks Corp.,Consumer Discretionary
SBUX,0000829224,2022,2022-11-18,0000829224-22-000058,https://www.sec.gov/Archives/edgar/data/829224/000082922422000058/0000829224-22-000058-index.htm,Starbucks Corp.,Consumer Discretionary
SBUX,0000829224,2021,2021-11-19,0000829224-21-000086,https://www.sec.gov/Archives/edgar/data/829224/000082922421000086/0000829224-21-000086-index.htm,Starbucks Corp.,Consumer Discretionary
SBUX,0000829224,2020,2020-11-12,0000829224-20-000078,https://www.sec.gov/Archives/edgar/data/829224/000082922420000078/0000829224-20-000078-index.htm,Starbucks Corp.,Consumer Discretionary
SBUX,0000829224,2019,2019-11-15,0000829224-19-000051,https://www.sec.gov/Archives/edgar/data/829224/000082922419000051/0000829224-19-000051-index.htm,Starbucks Corp.,Consumer Discretionary
SBUX,0000829224,2018,2018-11-16,0000829224-18-000052,https://www.sec.gov/Archives/edgar/data/829224/000082922418000052/0000829224-18-000052-index.htm,Starbucks Corp.,Consumer Discretionary
SBUX,0000829224,2017,2017-11-17,0000829224-17-000049,https://www.sec.gov/Archives/edgar/data/829224/000082922417000049/0000829224-17-000049-index.htm,Starbucks Corp.,Consumer Discretionary
SBUX,0000829224,2016,2016-11-18,0000829224-16-000083,https://www.sec.gov/Archives/edgar/data/829224/000082922416000083/0000829224-16-000083-index.htm,Starbucks Corp.,Consumer Discretionary
SBUX,0000829224,2015,2015-11-12,0000829224-15-000038,https://www.sec.gov/Archives/edgar/data/829224/000082922415000038/0000829224-15-000038-index.htm,Starbucks Corp.,Consumer Discretionary
TGT,0000027419,2024,2024-03-13,0000027419-24-000032,https://www.sec.gov/Archives/edgar/data/27419/000002741924000032/0000027419-24-000032-index.htm,Target Corp.,Consumer Discretionary
TGT,0000027419,2023,2023-03-08,0000027419-23-000015,https://www.sec.gov/Archives/edgar/data/27419/000002741923000015/0000027419-23-000015-index.htm,Target Corp.,Consumer Discretionary
TGT,0000027419,2022,2022-03-09,0000027419-22-000007,https://www.sec.gov/Archives/edgar/data/27419/000002741922000007/0000027419-22-000007-index.htm,Target Corp.,Consumer Discretionary
TGT,0000027419,2021,2021-03-10,0000027419-21-000010,https://www.sec.gov/Archives/edgar/data/27419/000002741921000010/0000027419-21-000010-index.htm,Target Corp.,Consumer Discretionary
TGT,0000027419,2020,2020-03-11,0000027419-20-000008,https://www.sec.gov/Archives/edgar/data/27419/000002741920000008/0000027419-20-000008-index.htm,Target Corp.,Consumer Discretionary
TGT,0000027419,2019,2019-03-13,0000027419-19-000006,https://www.sec.gov/Archives/edgar/data/27419/000002741919000006/0000027419-19-000006-index.htm,Target Corp.,Consumer Discretionary
TGT,0000027419,2018,2018-03-14,0000027419-18-000010,https://www.sec.gov/Archives/edgar/data/27419/000002741918000010/0000027419-18-000010-index.htm,Target Corp.,Consumer Discretionary
TGT,0000027419,2017,2017-03-08,0000027419-17-000008,https://www.sec.gov/Archives/edgar/data/27419/000002741917000008/0000027419-17-000008-index.htm,Target Corp.,Consumer Discretionary
TGT,0000027419,2016,2016-03-11,0000027419-16-000043,https://www.sec.gov/Archives/edgar/data/27419/000002741916000043/0000027419-16-000043-index.htm,Target Corp.,Consumer Discretionary
LOW,0000060667,2024,2024-03-25,0000060667-24-000033,https://www.sec.gov/Archives/edgar/data/60667/000006066724000033/0000060667-24-000033-index.htm,Lowe's Companies Inc.,Consumer Discretionary
LOW,0000060667,2023,2023-03-27,0000060667-23-000034,https://www.sec.gov/Archives/edgar/data/60667/000006066723000034/0000060667-23-000034-index.htm,Lowe's Companies Inc.,Consumer Discretionary
LOW,0000060667,2022,2022-03-21,0000060667-22-000038,https://www.sec.gov/Archives/edgar/data/60667/000006066722000038/0000060667-22-000038-index.htm,Lowe's Companies Inc.,Consumer Discretionary
LOW,0000060667,2021,2021-03-22,0000060667-21-000026,https://www.sec.gov/Archives/edgar/data/60667/000006066721000026/0000060667-21-000026-index.htm,Lowe's Companies Inc.,Consumer Discretionary
LOW,0000060667,2020,2020-03-23,0000060667-20-000036,https://www.sec.gov/Archives/edgar/data/60667/000006066720000036/0000060667-20-000036-index.htm,Lowe's Companies Inc.,Consumer Discretionary
LOW,0000060667,2019,2019-04-02,0000060667-19-000042,https://www.sec.gov/Archives/edgar/data/60667/000006066719000042/0000060667-19-000042-index.htm,Lowe's Companies Inc.,Consumer Discretionary
LOW,0000060667,2018,2018-04-02,0000060667-18-000051,https://www.sec.gov/Archives/edgar/data/60667/000006066718000051/0000060667-18-000051-index.htm,Lowe's Companies Inc.,Consumer Discretionary
LOW,0000060667,2017,2017-04-04,0000060667-17-000076,https://www.sec.gov/Archives/edgar/data/60667/000006066717000076/0000060667-17-000076-index.htm,Lowe's Companies Inc.,Consumer Discretionary
LOW,0000060667,2016,2016-03-29,0000060667-16-000276,https://www.sec.gov/Archives/edgar/data/60667/000006066716000276/0000060667-16-000276-index.htm,Lowe's Companies Inc.,Consumer Discretionary
GM,0001467858,2024,2024-01-30,0001467858-24-000031,https://www.sec.gov/Archives/edgar/data/1467858/000146785824000031/0001467858-24-000031-index.htm,General Motors Co.,Consumer Discretionary
GM,0001467858,2023,2023-01-31,0001467858-23-000029,https://www.sec.gov/Archives/edgar/data/1467858/000146785823000029/0001467858-23-000029-index.htm,General Motors Co.,Consumer Discretionary
GM,0001467858,2022,2022-02-02,0001467858-22-000034,https://www.sec.gov/Archives/edgar/data/1467858/000146785822000034/0001467858-22-000034-index.htm,General Motors Co.,Consumer Discretionary
GM,0001467858,2021,2021-02-10,0001467858-21-000037,https://www.sec.gov/Archives/edgar/data/1467858/000146785821000037/0001467858-21-000037-index.htm,General Motors Co.,Consumer Discretionary
GM,0001467858,2020,2020-02-05,0001467858-20-000028,https://www.sec.gov/Archives/edgar/data/1467858/000146785820000028/0001467858-20-000028-index.htm,General Motors Co.,Consumer Discretionary
GM,0001467858,2019,2019-02-06,0001467858-19-000033,https://www.sec.gov/Archives/edgar/data/1467858/000146785819000033/0001467858-19-000033-index.htm,General Motors Co.,Consumer Discretionary
GM,0001467858,2018,2018-02-06,0001467858-18-000022,https://www.sec.gov/Archives/edgar/data/1467858/000146785818000022/0001467858-18-000022-index.htm,General Motors Co.,Consumer Discretionary
GM,0001467858,2017,2017-02-07,0001467858-17-000028,https://www.sec.gov/Archives/edgar/data/1467858/000146785817000028/0001467858-17-000028-index.htm,General Motors Co.,Consumer Discretionary
F,0000037996,2024,2024-02-07,0000037996-24-000009,https://www.sec.gov/Archives/edgar/data/37996/000003799624000009/0000037996-24-000009-index.htm,Ford Motor Co.,Consumer Discretionary
F,0000037996,2023,2023-02-03,0000037996-23-000012,https://www.sec.gov/Archives/edgar/data/37996/000003799623000012/0000037996-23-000012-index.htm,Ford Motor Co.,Consumer Discretionary
F,0000037996,2022,2022-02-04,0000037996-22-000013,https://www.sec.gov/Archives/edgar/data/37996/000003799622000013/0000037996-22-000013-index.htm,Ford Motor Co.,Consumer Discretionary
F,0000037996,2021,2021-02-05,0000037996-21-000012,https://www.sec.gov/Archives/edgar/data/37996/000003799621000012/0000037996-21-000012-index.htm,Ford Motor Co.,Consumer Discretionary
F,0000037996,2020,2020-02-05,0000037996-20-000010,https://www.sec.gov/Archives/edgar/data/37996/000003799620000010/0000037996-20-000010-index.htm,Ford Motor Co.,Consumer Discretionary
COST,0000909832,2024,2024-10-09,0000909832-24-000049,https://www.sec.gov/Archives/edgar/data/909832/000090983224000049/0000909832-24-000049-index.htm,Costco Wholesale Corp.,Consumer Discretionary
COST,0000909832,2023,2023-10-11,0000909832-23-000042,https://www.sec.gov/Archives/edgar/data/909832/000090983223000042/0000909832-23-000042-index.htm,Costco Wholesale Corp.,Consumer Discretionary
COST,0000909832,2022,2022-10-05,0000909832-22-000021,https://www.sec.gov/Archives/edgar/data/909832/000090983222000021/0000909832-22-000021-index.htm,Costco Wholesale Corp.,Consumer Discretionary
COST,0000909832,2021,2021-10-06,0000909832-21-000014,https://www.sec.gov/Archives/edgar/data/909832/000090983221000014/0000909832-21-000014-index.htm,Costco Wholesale Corp.,Consumer Discretionary
COST,0000909832,2020,2020-10-07,0000909832-20-000017,https://www.sec.gov/Archives/edgar/data/909832/000090983220000017/0000909832-20-000017-index.htm,Costco Wholesale Corp.,Consumer Discretionary
COST,0000909832,2019,2019-10-11,0000909832-19-000019,https://www.sec.gov/Archives/edgar/data/909832/000090983219000019/0000909832-19-000019-index.htm,Costco Wholesale Corp.,Consumer Discretionary
COST,0000909832,2018,2018-10-26,0000909832-18-000013,https://www.sec.gov/Archives/edgar/data/909832/000090983218000013/0000909832-18-000013-index.htm,Costco Wholesale Corp.,Consumer Discretionary
COST,0000909832,2017,2017-10-18,0000909832-17-000014,https://www.sec.gov/Archives/edgar/data/909832/000090983217000014/0000909832-17-000014-index.htm,Costco Wholesale Corp.,Consumer Discretionary
COST,0000909832,2016,2016-10-12,0000909832-16-000032,https://www.sec.gov/Archives/edgar/data/909832/000090983216000032/0000909832-16-000032-index.htm,Costco Wholesale Corp.,Consumer Discretionary
BA,0000012927,2024,2024-01-31,0000012927-24-000010,https://www.sec.gov/Archives/edgar/data/12927/000001292724000010/0000012927-24-000010-index.htm,Boeing Co.,Industrials
BA,0000012927,2023,2023-01-27,0000012927-23-000007,https://www.sec.gov/Archives/edgar/data/12927/000001292723000007/0000012927-23-000007-index.htm,Boeing Co.,Industrials
BA,0000012927,2022,2022-01-31,0000012927-22-000010,https://www.sec.gov/Archives/edgar/data/12927/000001292722000010/0000012927-22-000010-index.htm,Boeing Co.,Industrials
BA,0000012927,2021,2021-02-01,0000012927-21-000011,https://www.sec.gov/Archives/edgar/data/12927/000001292721000011/0000012927-21-000011-index.htm,Boeing Co.,Industrials
BA,0000012927,2020,2020-01-31,0000012927-20-000014,https://www.sec.gov/Archives/edgar/data/12927/000001292720000014/0000012927-20-000014-index.htm,Boeing Co.,Industrials
CAT,0000018230,2024,2024-02-16,0000018230-24-000009,https://www.sec.gov/Archives/edgar/data/18230/000001823024000009/0000018230-24-000009-index.htm,Caterpillar Inc.,Industrials
CAT,0000018230,2023,2023-02-15,0000018230-23-000011,https://www.sec.gov/Archives/edgar/data/18230/000001823023000011/0000018230-23-000011-index.htm,Caterpillar Inc.,Industrials
CAT,0000018230,2022,2022-02-16,0000018230-22-000050,https://www.sec.gov/Archives/edgar/data/18230/000001823022000050/0000018230-22-000050-index.htm,Caterpillar Inc.,Industrials
CAT,0000018230,2021,2021-02-17,0000018230-21-000063,https://www.sec.gov/Archives/edgar/data/18230/000001823021000063/0000018230-21-000063-index.htm,Caterpillar Inc.,Industrials
CAT,0000018230,2020,2020-02-19,0000018230-20-000056,https://www.sec.gov/Archives/edgar/data/18230/000001823020000056/0000018230-20-000056-index.htm,Caterpillar Inc.,Industrials
CAT,0000018230,2019,2019-02-14,0000018230-19-000034,https://www.sec.gov/Archives/edgar/data/18230/000001823019000034/0000018230-19-000034-index.htm,Caterpillar Inc.,Industrials
GE,0000040987,2024,2024-02-22,0000040987-24-000024,https://www.sec.gov/Archives/edgar/data/40987/000004098724000024/0000040987-24-000024-index.htm,General Electric Co.,Industrials
GE,0000040987,2023,2023-02-23,0000040987-23-000008,https://www.sec.gov/Archives/edgar/data/40987/000004098723000008/0000040987-23-000008-index.htm,General Electric Co.,Industrials
GE,0000040987,2022,2022-02-17,0000040987-22-000013,https://www.sec.gov/Archives/edgar/data/40987/000004098722000013/0000040987-22-000013-index.htm,General Electric Co.,Industrials
GE,0000040987,2021,2021-02-19,0000040987-21-000009,https://www.sec.gov/Archives/edgar/data/40987/000004098721000009/0000040987-21-000009-index.htm,General Electric Co.,Industrials
GE,0000040987,2020,2020-02-21,0000040987-20-000010,https://www.sec.gov/Archives/edgar/data/40987/000004098720000010/0000040987-20-000010-index.htm,General Electric Co.,Industrials
GE,0000040987,2019,2019-02-25,0000040987-19-000015,https://www.sec.gov/Archives/edgar/data/40987/000004098719000015/0000040987-19-000015-index.htm,General Electric Co.,Industrials
GE,0000040987,2018,2018-02-27,0000040987-18-000002,https://www.sec.gov/Archives/edgar/data/40987/000004098718000002/0000040987-18-000002-index.htm,General Electric Co.,Industrials
MMM,0000066740,2024,2024-02-07,0000066740-24-000016,https://www.sec.gov/Archives/edgar/data/66740/000006674024000016/0000066740-24-000016-index.htm,3M Co.,Industrials
MMM,0000066740,2023,2023-02-08,0000066740-23-000014,https://www.sec.gov/Archives/edgar/data/66740/000006674023000014/0000066740-23-000014-index.htm,3M Co.,Industrials
MMM,0000066740,2022,2022-02-09,0000066740-22-000010,https://www.sec.gov/Archives/edgar/data/66740/000006674022000010/0000066740-22-000010-index.htm,3M Co.,Industrials
MMM,0000066740,2021,2021-02-04,0001558370-21-000737,https://www.sec.gov/Archives/edgar/data/66740/000155837021000737/0001558370-21-000737-index.htm,3M Co.,Industrials
MMM,0000066740,2020,2020-02-06,0001558370-20-000581,https://www.sec.gov/Archives/edgar/data/66740/000155837020000581/0001558370-20-000581-index.htm,3M Co.,Industrials
MMM,0000066740,2019,2019-02-07,0001558370-19-000470,https://www.sec.gov/Archives/edgar/data/66740/000155837019000470/0001558370-19-000470-index.htm,3M Co.,Industrials
MMM,0000066740,2018,2018-02-08,0001558370-18-000535,https://www.sec.gov/Archives/edgar/data/66740/000155837018000535/0001558370-18-000535-index.htm,3M Co.,Industrials
HON,0000773840,2024,2024-02-16,0000773840-24-000014,https://www.sec.gov/Archives/edgar/data/773840/000077384024000014/0000773840-24-000014-index.htm,Honeywell Intl. Inc.,Industrials
HON,0000773840,2023,2023-02-10,0000773840-23-000013,https://www.sec.gov/Archives/edgar/data/773840/000077384023000013/0000773840-23-000013-index.htm,Honeywell Intl. Inc.,Industrials
HON,0000773840,2022,2022-02-11,0000773840-22-000018,https://www.sec.gov/Archives/edgar/data/773840/000077384022000018/0000773840-22-000018-index.htm,Honeywell Intl. Inc.,Industrials
HON,0000773840,2021,2021-02-12,0000773840-21-000015,https://www.sec.gov/Archives/edgar/data/773840/000077384021000015/0000773840-21-000015-index.htm,Honeywell Intl. Inc.,Industrials
HON,0000773840,2020,2020-02-14,0000773840-20-000009,https://www.sec.gov/Archives/edgar/data/773840/000077384020000009/0000773840-20-000009-index.htm,Honeywell Intl. Inc.,Industrials
UPS,0001090727,2024,2024-02-20,0001090727-24-000008,https://www.sec.gov/Archives/edgar/data/1090727/000109072724000008/0001090727-24-000008-index.htm,United Parcel Service,Industrials
UPS,0001090727,2023,2023-02-21,0001090727-23-000006,https://www.sec.gov/Archives/edgar/data/1090727/000109072723000006/0001090727-23-000006-index.htm,United Parcel Service,Industrials
UPS,0001090727,2022,2022-02-22,0001090727-22-000007,https://www.sec.gov/Archives/edgar/data/1090727/000109072722000007/0001090727-22-000007-index.htm,United Parcel Service,Industrials
UPS,0001090727,2021,2021-02-22,0001090727-21-000013,https://www.sec.gov/Archives/edgar/data/1090727/000109072721000013/0001090727-21-000013-index.htm,United Parcel Service,Industrials
UPS,0001090727,2020,2020-02-20,0001090727-20-000005,https://www.sec.gov/Archives/edgar/data/1090727/000109072720000005/0001090727-20-000005-index.htm,United Parcel Service,Industrials
UPS,0001090727,2019,2019-02-21,0001090727-19-000006,https://www.sec.gov/Archives/edgar/data/1090727/000109072719000006/0001090727-19-000006-index.htm,United Parcel Service,Industrials
UPS,0001090727,2018,2018-02-21,0001090727-18-000009,https://www.sec.gov/Archives/edgar/data/1090727/000109072718000009/0001090727-18-000009-index.htm,United Parcel Service,Industrials
UPS,0001090727,2017,2017-02-21,0001090727-17-000011,https://www.sec.gov/Archives/edgar/data/1090727/000109072717000011/0001090727-17-000011-index.htm,United Parcel Service,Industrials
UPS,0001090727,2016,2016-02-25,0001090727-16-000053,https://www.sec.gov/Archives/edgar/data/1090727/000109072716000053/0001090727-16-000053-index.htm,United Parcel Service,Industrials
RTX,0000101829,2024,2024-02-05,0000101829-24-000008,https://www.sec.gov/Archives/edgar/data/101829/000010182924000008/0000101829-24-000008-index.htm,Raytheon Technologies,Industrials
RTX,0000101829,2023,2023-02-07,0000101829-23-000009,https://www.sec.gov/Archives/edgar/data/101829/000010182923000009/0000101829-23-000009-index.htm,Raytheon Technologies,Industrials
RTX,0000101829,2022,2022-02-11,0000101829-22-000005,https://www.sec.gov/Archives/edgar/data/101829/000010182922000005/0000101829-22-000005-index.htm,Raytheon Technologies,Industrials
RTX,0000101829,2021,2021-02-08,0000101829-21-000008,https://www.sec.gov/Archives/edgar/data/101829/000010182921000008/0000101829-21-000008-index.htm,Raytheon Technologies,Industrials
RTX,0000101829,2020,2020-02-06,0000101829-20-000013,https://www.sec.gov/Archives/edgar/data/101829/000010182920000013/0000101829-20-000013-index.htm,Raytheon Technologies,Industrials
RTX,0000101829,2019,2019-02-07,0000101829-19-000007,https://www.sec.gov/Archives/edgar/data/101829/000010182919000007/0000101829-19-000007-index.htm,Raytheon Technologies,Industrials
RTX,0000101829,2018,2018-02-09,0000101829-18-000005,https://www.sec.gov/Archives/edgar/data/101829/000010182918000005/0000101829-18-000005-index.htm,Raytheon Technologies,Industrials
PG,0000080424,2024,2024-08-05,0000080424-24-000083,https://www.sec.gov/Archives/edgar/data/80424/000008042424000083/0000080424-24-000083-index.htm,Procter & Gamble Co.,Consumer Staples
PG,0000080424,2023,2023-08-04,0000080424-23-000073,https://www.sec.gov/Archives/edgar/data/80424/000008042423000073/0000080424-23-000073-index.htm,Procter & Gamble Co.,Consumer Staples
PG,0000080424,2022,2022-08-05,0000080424-22-000064,https://www.sec.gov/Archives/edgar/data/80424/000008042422000064/0000080424-22-000064-index.htm,Procter & Gamble Co.,Consumer Staples
KO,0000021344,2024,2024-02-20,0000021344-24-000009,https://www.sec.gov/Archives/edgar/data/21344/000002134424000009/0000021344-24-000009-index.htm,Coca-Cola Co.,Consumer Staples
KO,0000021344,2023,2023-02-21,0000021344-23-000011,https://www.sec.gov/Archives/edgar/data/21344/000002134423000011/0000021344-23-000011-index.htm,Coca-Cola Co.,Consumer Staples
KO,0000021344,2022,2022-02-22,0000021344-22-000009,https://www.sec.gov/Archives/edgar/data/21344/000002134422000009/0000021344-22-000009-index.htm,Coca-Cola Co.,Consumer Staples
KO,0000021344,2021,2021-02-25,0000021344-21-000008,https://www.sec.gov/Archives/edgar/data/21344/000002134421000008/0000021344-21-000008-index.htm,Coca-Cola Co.,Consumer Staples
KO,0000021344,2020,2020-02-24,0000021344-20-000006,https://www.sec.gov/Archives/edgar/data/21344/000002134420000006/0000021344-20-000006-index.htm,Coca-Cola Co.,Consumer Staples
KO,0000021344,2019,2019-02-21,0000021344-19-000014,https://www.sec.gov/Archives/edgar/data/21344/000002134419000014/0000021344-19-000014-index.htm,Coca-Cola Co.,Consumer Staples
KO,0000021344,2018,2018-02-23,0000021344-18-000008,https://www.sec.gov/Archives/edgar/data/21344/000002134418000008/0000021344-18-000008-index.htm,Coca-Cola Co.,Consumer Staples
PEP,0000077476,2024,2024-02-09,0000077476-24-000008,https://www.sec.gov/Archives/edgar/data/77476/000007747624000008/0000077476-24-000008-index.htm,PepsiCo Inc.,Consumer Staples
PEP,0000077476,2023,2023-02-09,0000077476-23-000007,https://www.sec.gov/Archives/edgar/data/77476/000007747623000007/0000077476-23-000007-index.htm,PepsiCo Inc.,Consumer Staples
PEP,0000077476,2022,2022-02-10,0000077476-22-000010,https://www.sec.gov/Archives/edgar/data/77476/000007747622000010/0000077476-22-000010-index.htm,PepsiCo Inc.,Consumer Staples
PEP,0000077476,2021,2021-02-11,0000077476-21-000007,https://www.sec.gov/Archives/edgar/data/77476/000007747621000007/0000077476-21-000007-index.htm,PepsiCo Inc.,Consumer Staples
PEP,0000077476,2020,2020-02-13,0000077476-20-000015,https://www.sec.gov/Archives/edgar/data/77476/000007747620000015/0000077476-20-000015-index.htm,PepsiCo Inc.,Consumer Staples
PEP,0000077476,2019,2019-02-15,0000077476-19-000017,https://www.sec.gov/Archives/edgar/data/77476/000007747619000017/0000077476-19-000017-index.htm,PepsiCo Inc.,Consumer Staples
PEP,0000077476,2018,2018-02-13,0000077476-18-000012,https://www.sec.gov/Archives/edgar/data/77476/000007747618000012/0000077476-18-000012-index.htm,PepsiCo Inc.,Consumer Staples
PEP,0000077476,2017,2017-02-15,0000077476-17-000010,https://www.sec.gov/Archives/edgar/data/77476/000007747617000010/0000077476-17-000010-index.htm,PepsiCo Inc.,Consumer Staples
PEP,0000077476,2016,2016-02-11,0000077476-16-000066,https://www.sec.gov/Archives/edgar/data/77476/000007747616000066/0000077476-16-000066-index.htm,PepsiCo Inc.,Consumer Staples
PEP,0000077476,2015,2015-02-12,0000077476-15-000012,https://www.sec.gov/Archives/edgar/data/77476/000007747615000012/0000077476-15-000012-index.htm,PepsiCo Inc.,Consumer Staples
WMT,0000104169,2024,2024-03-15,0000104169-24-000056,https://www.sec.gov/Archives/edgar/data/104169/000010416924000056/0000104169-24-000056-index.htm,Walmart Inc.,Consumer Staples
WMT,0000104169,2023,2023-03-17,0000104169-23-000020,https://www.sec.gov/Archives/edgar/data/104169/000010416923000020/0000104169-23-000020-index.htm,Walmart Inc.,Consumer Staples
PM,0001413329,2024,2024-02-08,0001413329-24-000013,https://www.sec.gov/Archives/edgar/data/1413329/000141332924000013/0001413329-24-000013-index.htm,Philip Morris Intl.,Consumer Staples
PM,0001413329,2023,2023-02-10,0001413329-23-000025,https://www.sec.gov/Archives/edgar/data/1413329/000141332923000025/0001413329-23-000025-index.htm,Philip Morris Intl.,Consumer Staples
PM,0001413329,2022,2022-02-11,0001413329-22-000011,https://www.sec.gov/Archives/edgar/data/1413329/000141332922000011/0001413329-22-000011-index.htm,Philip Morris Intl.,Consumer Staples
PM,0001413329,2021,2021-02-09,0001413329-21-000007,https://www.sec.gov/Archives/edgar/data/1413329/000141332921000007/0001413329-21-000007-index.htm,Philip Morris Intl.,Consumer Staples
PM,0001413329,2020,2020-02-07,0001413329-20-000007,https://www.sec.gov/Archives/edgar/data/1413329/000141332920000007/0001413329-20-000007-index.htm,Philip Morris Intl.,Consumer Staples
PM,0001413329,2019,2019-02-07,0001413329-19-000007,https://www.sec.gov/Archives/edgar/data/1413329/000141332919000007/0001413329-19-000007-index.htm,Philip Morris Intl.,Consumer Staples
PM,0001413329,2018,2018-02-13,0001413329-18-000007,https://www.sec.gov/Archives/edgar/data/1413329/000141332918000007/0001413329-18-000007-index.htm,Philip Morris Intl.,Consumer Staples
MO,0000764180,2024,2024-02-27,0000764180-24-000018,https://www.sec.gov/Archives/edgar/data/764180/000076418024000018/0000764180-24-000018-index.htm,Altria Group Inc.,Consumer Staples
MO,0000764180,2023,2023-02-27,0000764180-23-000020,https://www.sec.gov/Archives/edgar/data/764180/000076418023000020/0000764180-23-000020-index.htm,Altria Group Inc.,Consumer Staples
MO,0000764180,2022,2022-02-25,0000764180-22-000019,https://www.sec.gov/Archives/edgar/data/764180/000076418022000019/0000764180-22-000019-index.htm,Altria Group Inc.,Consumer Staples
MO,0000764180,2021,2021-02-26,0000764180-21-000037,https://www.sec.gov/Archives/edgar/data/764180/000076418021000037/0000764180-21-000037-index.htm,Altria Group Inc.,Consumer Staples
MO,0000764180,2020,2020-02-25,0000764180-20-000018,https://www.sec.gov/Archives/edgar/data/764180/000076418020000018/0000764180-20-000018-index.htm,Altria Group Inc.,Consumer Staples
MO,0000764180,2019,2019-02-26,0000764180-19-000023,https://www.sec.gov/Archives/edgar/data/764180/000076418019000023/0000764180-19-000023-index.htm,Altria Group Inc.,Consumer Staples
MO,0000764180,2018,2018-02-27,0000764180-18-000028,https://www.sec.gov/Archives/edgar/data/764180/000076418018000028/0000764180-18-000028-index.htm,Altria Group Inc.,Consumer Staples
MO,0000764180,2017,2017-02-27,0000764180-17-000028,https://www.sec.gov/Archives/edgar/data/764180/000076418017000028/0000764180-17-000028-index.htm,Altria Group Inc.,Consumer Staples
MO,0000764180,2016,2016-02-25,0000764180-16-000128,https://www.sec.gov/Archives/edgar/data/764180/000076418016000128/0000764180-16-000128-index.htm,Altria Group Inc.,Consumer Staples
MO,0000764180,2015,2015-02-25,0000764180-15-000022,https://www.sec.gov/Archives/edgar/data/764180/000076418015000022/0000764180-15-000022-index.htm,Altria Group Inc.,Consumer Staples
MO,0000764180,2014,2014-02-26,0000764180-14-000025,https://www.sec.gov/Archives/edgar/data/764180/000076418014000025/0000764180-14-000025-index.htm,Altria Group Inc.,Consumer Staples
XOM,0000034088,2024,2024-02-28,0000034088-24-000018,https://www.sec.gov/Archives/edgar/data/34088/000003408824000018/0000034088-24-000018-index.htm,Exxon Mobil Corp.,Energy
XOM,0000034088,2023,2023-02-22,0000034088-23-000020,https://www.sec.gov/Archives/edgar/data/34088/000003408823000020/0000034088-23-000020-index.htm,Exxon Mobil Corp.,Energy
XOM,0000034088,2022,2022-02-23,0000034088-22-000011,https://www.sec.gov/Archives/edgar/data/34088/000003408822000011/0000034088-22-000011-index.htm,Exxon Mobil Corp.,Energy
XOM,0000034088,2021,2021-02-24,0000034088-21-000012,https://www.sec.gov/Archives/edgar/data/34088/000003408821000012/0000034088-21-000012-index.htm,Exxon Mobil Corp.,Energy
XOM,0000034088,2020,2020-02-26,0000034088-20-000016,https://www.sec.gov/Archives/edgar/data/34088/000003408820000016/0000034088-20-000016-index.htm,Exxon Mobil Corp.,Energy
CVX,0000093410,2024,2024-02-26,0000093410-24-000013,https://www.sec.gov/Archives/edgar/data/93410/000009341024000013/0000093410-24-000013-index.htm,Chevron Corp.,Energy
CVX,0000093410,2023,2023-02-23,0000093410-23-000009,https://www.sec.gov/Archives/edgar/data/93410/000009341023000009/0000093410-23-000009-index.htm,Chevron Corp.,Energy
CVX,0000093410,2022,2022-02-24,0000093410-22-000019,https://www.sec.gov/Archives/edgar/data/93410/000009341022000019/0000093410-22-000019-index.htm,Chevron Corp.,Energy
CVX,0000093410,2021,2021-02-25,0000093410-21-000009,https://www.sec.gov/Archives/edgar/data/93410/000009341021000009/0000093410-21-000009-index.htm,Chevron Corp.,Energy
CVX,0000093410,2020,2020-02-21,0000093410-20-000010,https://www.sec.gov/Archives/edgar/data/93410/000009341020000010/0000093410-20-000010-index.htm,Chevron Corp.,Energy
CVX,0000093410,2019,2019-02-22,0000093410-19-000008,https://www.sec.gov/Archives/edgar/data/93410/000009341019000008/0000093410-19-000008-index.htm,Chevron Corp.,Energy
COP,0001163165,2024,2024-02-15,0001163165-24-000010,https://www.sec.gov/Archives/edgar/data/1163165/000116316524000010/0001163165-24-000010-index.htm,ConocoPhillips,Energy
COP,0001163165,2023,2023-02-16,0001163165-23-000006,https://www.sec.gov/Archives/edgar/data/1163165/000116316523000006/0001163165-23-000006-index.htm,ConocoPhillips,Energy
COP,0001163165,2022,2022-02-17,0001562762-22-000031,https://www.sec.gov/Archives/edgar/data/1163165/000156276222000031/0001562762-22-000031-index.htm,ConocoPhillips,Energy
COP,0001163165,2021,2021-02-16,0001562762-21-000027,https://www.sec.gov/Archives/edgar/data/1163165/000156276221000027/0001562762-21-000027-index.htm,ConocoPhillips,Energy
COP,0001163165,2020,2020-02-18,0001193125-20-039954,https://www.sec.gov/Archives/edgar/data/1163165/000119312520039954/0001193125-20-039954-index.htm,ConocoPhillips,Energy
COP,0001163165,2019,2019-02-19,0001193125-19-043841,https://www.sec.gov/Archives/edgar/data/1163165/000119312519043841/0001193125-19-043841-index.htm,ConocoPhillips,Energy
SLB,0000087347,2024,2024-01-24,0000950170-24-006884,https://www.sec.gov/Archives/edgar/data/87347/000095017024006884/0000950170-24-006884-index.htm,Schlumberger Ltd.,Energy
SLB,0000087347,2023,2023-01-25,0001564590-23-000762,https://www.sec.gov/Archives/edgar/data/87347/000156459023000762/0001564590-23-000762-index.htm,Schlumberger Ltd.,Energy
SLB,0000087347,2022,2022-01-26,0001564590-22-002421,https://www.sec.gov/Archives/edgar/data/87347/000156459022002421/0001564590-22-002421-index.htm,Schlumberger Ltd.,Energy
SLB,0000087347,2021,2021-01-27,0001564590-21-002477,https://www.sec.gov/Archives/edgar/data/87347/000156459021002477/0001564590-21-002477-index.htm,Schlumberger Ltd.,Energy
SLB,0000087347,2020,2020-01-22,0001564590-20-001578,https://www.sec.gov/Archives/edgar/data/87347/000156459020001578/0001564590-20-001578-index.htm,Schlumberger Ltd.,Energy
SLB,0000087347,2019,2019-01-23,0001564590-19-000928,https://www.sec.gov/Archives/edgar/data/87347/000156459019000928/0001564590-19-000928-index.htm,Schlumberger Ltd.,Energy
EOG,0000821189,2024,2024-02-22,0000821189-24-000011,https://www.sec.gov/Archives/edgar/data/821189/000082118924000011/0000821189-24-000011-index.htm,EOG Resources Inc.,Energy
EOG,0000821189,2023,2023-02-23,0000821189-23-000015,https://www.sec.gov/Archives/edgar/data/821189/000082118923000015/0000821189-23-000015-index.htm,EOG Resources Inc.,Energy
EOG,0000821189,2022,2022-02-24,0000821189-22-000017,https://www.sec.gov/Archives/edgar/data/821189/000082118922000017/0000821189-22-000017-index.htm,EOG Resources Inc.,Energy
EOG,0000821189,2021,2021-02-25,0000821189-21-000017,https://www.sec.gov/Archives/edgar/data/821189/000082118921000017/0000821189-21-000017-index.htm,EOG Resources Inc.,Energy
EOG,0000821189,2020,2020-02-27,0000821189-20-000010,https://www.sec.gov/Archives/edgar/data/821189/000082118920000010/0000821189-20-000010-index.htm,EOG Resources Inc.,Energy
VZ,0000732712,2024,2024-02-09,0000732712-24-000010,https://www.sec.gov/Archives/edgar/data/732712/000073271224000010/0000732712-24-000010-index.htm,Verizon Communications,Communication
T,0000732717,2024,2024-02-23,0000732717-24-000009,https://www.sec.gov/Archives/edgar/data/732717/000073271724000009/0000732717-24-000009-index.htm,AT&T Inc.,Communication
T,0000732717,2023,2023-02-13,0000732717-23-000011,https://www.sec.gov/Archives/edgar/data/732717/000073271723000011/0000732717-23-000011-index.htm,AT&T Inc.,Communication
T,0000732717,2022,2022-02-16,0000732717-22-000015,https://www.sec.gov/Archives/edgar/data/732717/000073271722000015/0000732717-22-000015-index.htm,AT&T Inc.,Communication
DIS,0001001039,2018,2018-11-21,0001001039-18-000187,https://www.sec.gov/Archives/edgar/data/1001039/000100103918000187/0001001039-18-000187-index.htm,Walt Disney Co.,Communication
DIS,0001001039,2017,2017-11-22,0001001039-17-000198,https://www.sec.gov/Archives/edgar/data/1001039/000100103917000198/0001001039-17-000198-index.htm,Walt Disney Co.,Communication
DIS,0001001039,2016,2016-11-23,0001001039-16-000516,https://www.sec.gov/Archives/edgar/data/1001039/000100103916000516/0001001039-16-000516-index.htm,Walt Disney Co.,Communication
DIS,0001001039,2015,2015-11-25,0001001039-15-000255,https://www.sec.gov/Archives/edgar/data/1001039/000100103915000255/0001001039-15-000255-index.htm,Walt Disney Co.,Communication
DIS,0001001039,2014,2014-11-19,0001001039-14-000228,https://www.sec.gov/Archives/edgar/data/1001039/000100103914000228/0001001039-14-000228-index.htm,Walt Disney Co.,Communication
DIS,0001001039,2013,2013-11-20,0001001039-13-000164,https://www.sec.gov/Archives/edgar/data/1001039/000100103913000164/0001001039-13-000164-index.htm,Walt Disney Co.,Communication
DIS,0001001039,2012,2012-11-21,0001193125-12-479027,https://www.sec.gov/Archives/edgar/data/1001039/000119312512479027/0001193125-12-479027-index.htm,Walt Disney Co.,Communication
NFLX,0001065280,2024,2024-01-26,0001065280-24-000030,https://www.sec.gov/Archives/edgar/data/1065280/000106528024000030/0001065280-24-000030-index.htm,Netflix Inc.,Communication
NFLX,0001065280,2023,2023-01-26,0001065280-23-000035,https://www.sec.gov/Archives/edgar/data/1065280/000106528023000035/0001065280-23-000035-index.htm,Netflix Inc.,Communication
CMCSA,0001166691,2024,2024-01-31,0001166691-24-000011,https://www.sec.gov/Archives/edgar/data/1166691/000116669124000011/0001166691-24-000011-index.htm,Comcast Corp.,Communication
CMCSA,0001166691,2023,2023-02-03,0001166691-23-000010,https://www.sec.gov/Archives/edgar/data/1166691/000116669123000010/0001166691-23-000010-index.htm,Comcast Corp.,Communication
CMCSA,0001166691,2022,2022-02-02,0001166691-22-000009,https://www.sec.gov/Archives/edgar/data/1166691/000116669122000009/0001166691-22-000009-index.htm,Comcast Corp.,Communication
CMCSA,0001166691,2021,2021-02-04,0001166691-21-000008,https://www.sec.gov/Archives/edgar/data/1166691/000116669121000008/0001166691-21-000008-index.htm,Comcast Corp.,Communication
CMCSA,0001166691,2020,2020-01-30,0001166691-20-000008,https://www.sec.gov/Archives/edgar/data/1166691/000116669120000008/0001166691-20-000008-index.htm,Comcast Corp.,Communication
CMCSA,0001166691,2019,2019-01-31,0001166691-19-000005,https://www.sec.gov/Archives/edgar/data/1166691/000116669119000005/0001166691-19-000005-index.htm,Comcast Corp.,Communication
NEE,0000753308,2024,2024-02-16,0000753308-24-000008,https://www.sec.gov/Archives/edgar/data/753308/000075330824000008/0000753308-24-000008-index.htm,NextEra Energy Inc.,Utilities
NEE,0000753308,2023,2023-02-17,0000753308-23-000019,https://www.sec.gov/Archives/edgar/data/753308/000075330823000019/0000753308-23-000019-index.htm,NextEra Energy Inc.,Utilities
NEE,0000753308,2022,2022-02-18,0000753308-22-000014,https://www.sec.gov/Archives/edgar/data/753308/000075330822000014/0000753308-22-000014-index.htm,NextEra Energy Inc.,Utilities
NEE,0000753308,2021,2021-02-12,0000753308-21-000014,https://www.sec.gov/Archives/edgar/data/753308/000075330821000014/0000753308-21-000014-index.htm,NextEra Energy Inc.,Utilities
NEE,0000753308,2020,2020-02-14,0000753308-20-000021,https://www.sec.gov/Archives/edgar/data/753308/000075330820000021/0000753308-20-000021-index.htm,NextEra Energy Inc.,Utilities
NEE,0000753308,2019,2019-02-15,0000753308-19-000039,https://www.sec.gov/Archives/edgar/data/753308/000075330819000039/0000753308-19-000039-index.htm,NextEra Energy Inc.,Utilities
DUK,0001326160,2024,2024-02-23,0001326160-24-000037,https://www.sec.gov/Archives/edgar/data/1326160/000132616024000037/0001326160-24-000037-index.htm,Duke Energy Corp.,Utilities
DUK,0001326160,2023,2023-02-27,0001326160-23-000073,https://www.sec.gov/Archives/edgar/data/1326160/000132616023000073/0001326160-23-000073-index.htm,Duke Energy Corp.,Utilities
DUK,0001326160,2022,2022-02-24,0001326160-22-000072,https://www.sec.gov/Archives/edgar/data/1326160/000132616022000072/0001326160-22-000072-index.htm,Duke Energy Corp.,Utilities
DUK,0001326160,2021,2021-02-25,0001326160-21-000063,https://www.sec.gov/Archives/edgar/data/1326160/000132616021000063/0001326160-21-000063-index.htm,Duke Energy Corp.,Utilities
DUK,0001326160,2020,2020-02-20,0001326160-20-000034,https://www.sec.gov/Archives/edgar/data/1326160/000132616020000034/0001326160-20-000034-index.htm,Duke Energy Corp.,Utilities
DUK,0001326160,2019,2019-02-28,0001326160-19-000057,https://www.sec.gov/Archives/edgar/data/1326160/000132616019000057/0001326160-19-000057-index.htm,Duke Energy Corp.,Utilities
SO,0000092122,2024,2024-02-15,0000092122-24-000009,https://www.sec.gov/Archives/edgar/data/92122/000009212224000009/0000092122-24-000009-index.htm,Southern Co.,Utilities
SO,0000092122,2023,2023-02-16,0000092122-23-000012,https://www.sec.gov/Archives/edgar/data/92122/000009212223000012/0000092122-23-000012-index.htm,Southern Co.,Utilities
SO,0000092122,2022,2022-02-17,0000092122-22-000003,https://www.sec.gov/Archives/edgar/data/92122/000009212222000003/0000092122-22-000003-index.htm,Southern Co.,Utilities
SO,0000092122,2021,2021-02-18,0000092122-21-000006,https://www.sec.gov/Archives/edgar/data/92122/000009212221000006/0000092122-21-000006-index.htm,Southern Co.,Utilities
AMT,0001053507,2024,2024-02-27,0001053507-24-000011,https://www.sec.gov/Archives/edgar/data/1053507/000105350724000011/0001053507-24-000011-index.htm,American Tower Corp.,Real Estate
AMT,0001053507,2023,2023-02-23,0001053507-23-000023,https://www.sec.gov/Archives/edgar/data/1053507/000105350723000023/0001053507-23-000023-index.htm,American Tower Corp.,Real Estate
AMT,0001053507,2022,2022-02-25,0001053507-22-000017,https://www.sec.gov/Archives/edgar/data/1053507/000105350722000017/0001053507-22-000017-index.htm,American Tower Corp.,Real Estate
AMT,0001053507,2021,2021-02-25,0001053507-21-000026,https://www.sec.gov/Archives/edgar/data/1053507/000105350721000026/0001053507-21-000026-index.htm,American Tower Corp.,Real Estate
AMT,0001053507,2020,2020-02-25,0001053507-20-000028,https://www.sec.gov/Archives/edgar/data/1053507/000105350720000028/0001053507-20-000028-index.htm,American Tower Corp.,Real Estate
AMT,0001053507,2019,2019-02-27,0001053507-19-000012,https://www.sec.gov/Archives/edgar/data/1053507/000105350719000012/0001053507-19-000012-index.htm,American Tower Corp.,Real Estate
AMT,0001053507,2018,2018-02-28,0001053507-18-000006,https://www.sec.gov/Archives/edgar/data/1053507/000105350718000006/0001053507-18-000006-index.htm,American Tower Corp.,Real Estate
PLD,0001045609,2024,2024-02-13,0000950170-24-014539,https://www.sec.gov/Archives/edgar/data/1045609/000095017024014539/0000950170-24-014539-index.htm,Prologis Inc.,Real Estate
PLD,0001045609,2023,2023-02-14,0001564590-23-001902,https://www.sec.gov/Archives/edgar/data/1045609/000156459023001902/0001564590-23-001902-index.htm,Prologis Inc.,Real Estate
PLD,0001045609,2022,2022-02-09,0001564590-22-004436,https://www.sec.gov/Archives/edgar/data/1045609/000156459022004436/0001564590-22-004436-index.htm,Prologis Inc.,Real Estate
PLD,0001045609,2021,2021-02-11,0001564590-21-005312,https://www.sec.gov/Archives/edgar/data/1045609/000156459021005312/0001564590-21-005312-index.htm,Prologis Inc.,Real Estate
PLD,0001045609,2020,2020-02-11,0001564590-20-004096,https://www.sec.gov/Archives/edgar/data/1045609/000156459020004096/0001564590-20-004096-index.htm,Prologis Inc.,Real Estate
PLD,0001045609,2019,2019-02-13,0001564590-19-002872,https://www.sec.gov/Archives/edgar/data/1045609/000156459019002872/0001564590-19-002872-index.htm,Prologis Inc.,Real Estate
LIN,0001707925,2024,2024-02-28,0001628280-24-007424,https://www.sec.gov/Archives/edgar/data/1707925/000162828024007424/0001628280-24-007424-index.htm,Linde plc,Materials
LIN,0001707925,2023,2023-02-28,0001628280-23-005434,https://www.sec.gov/Archives/edgar/data/1707925/000162828023005434/0001628280-23-005434-index.htm,Linde plc,Materials
LIN,0001707925,2022,2022-02-28,0001628280-22-004180,https://www.sec.gov/Archives/edgar/data/1707925/000162828022004180/0001628280-22-004180-index.htm,Linde plc,Materials
LIN,0001707925,2021,2021-03-01,0001628280-21-003574,https://www.sec.gov/Archives/edgar/data/1707925/000162828021003574/0001628280-21-003574-index.htm,Linde plc,Materials
LIN,0001707925,2020,2020-03-02,0001707925-20-000015,https://www.sec.gov/Archives/edgar/data/1707925/000170792520000015/0001707925-20-000015-index.htm,Linde plc,Materials
LIN,0001707925,2019,2019-03-18,0001628280-19-003050,https://www.sec.gov/Archives/edgar/data/1707925/000162828019003050/0001628280-19-003050-index.htm,Linde plc,Materials
LIN,0001707925,2018,2018-03-23,0001707925-18-000004,https://www.sec.gov/Archives/edgar/data/1707925/000170792518000004/0001707925-18-000004-index.htm,Linde plc,Materials
APD,0000002969,2024,2024-11-21,0000002969-24-000056,https://www.sec.gov/Archives/edgar/data/2969/000000296924000056/0000002969-24-000056-index.htm,Air Products & Chemicals,Materials
APD,0000002969,2023,2023-11-16,0000002969-23-000047,https://www.sec.gov/Archives/edgar/data/2969/000000296923000047/0000002969-23-000047-index.htm,Air Products & Chemicals,Materials
APD,0000002969,2022,2022-11-22,0000002969-22-000054,https://www.sec.gov/Archives/edgar/data/2969/000000296922000054/0000002969-22-000054-index.htm,Air Products & Chemicals,Materials
APD,0000002969,2021,2021-11-18,0000002969-21-000055,https://www.sec.gov/Archives/edgar/data/2969/000000296921000055/0000002969-21-000055-index.htm,Air Products & Chemicals,Materials
APD,0000002969,2020,2020-11-19,0000002969-20-000049,https://www.sec.gov/Archives/edgar/data/2969/000000296920000049/0000002969-20-000049-index.htm,Air Products & Chemicals,Materials
APD,0000002969,2019,2019-11-26,0000002969-19-000051,https://www.sec.gov/Archives/edgar/data/2969/000000296919000051/0000002969-19-000051-index.htm,Air Products & Chemicals,Materials
APD,0000002969,2018,2018-11-20,0000002969-18-000044,https://www.sec.gov/Archives/edgar/data/2969/000000296918000044/0000002969-18-000044-index.htm,Air Products & Chemicals,Materials
APD,0000002969,2017,2017-11-16,0000002969-17-000039,https://www.sec.gov/Archives/edgar/data/2969/000000296917000039/0000002969-17-000039-index.htm,Air Products & Chemicals,Materials
APD,0000002969,2016,2016-11-21,0001193125-16-773346,https://www.sec.gov/Archives/edgar/data/2969/000119312516773346/0001193125-16-773346-index.htm,Air Products & Chemicals,Materials
