ticker,year,annual_return
AAPL,1994,32.382824262294506
AAPL,1995,-15.98997799113333
AAPL,1996,-35.01934444203426
AAPL,1997,-37.49970989742826
AAPL,1998,151.92328361972827
AAPL,1999,149.24221022668252
AAPL,2000,-73.42266952021552
AAPL,2001,47.226747403796175
AAPL,2002,-38.49776082614561
AAPL,2003,44.39165330908392
AAPL,2004,202.63152630283008
AAPL,2005,127.1762801454706
AAPL,2006,13.498349926326302
AAPL,2007,136.37233064532822
AAPL,2008,-56.19482069776949
AAPL,2009,132.2092971870366
AAPL,2010,50.72196517779195
AAPL,2011,22.887441092532224
AAPL,2012,30.55858310837596
AAPL,2013,4.750892898392189
AAPL,2014,42.62839222926651
AAPL,2015,-2.0822683299649647
AAPL,2016,12.384289734357878
AAPL,2017,48.04251443926311
AAPL,2018,-7.0543669593236435
AAPL,2019,88.74237161870899
AAPL,2020,78.23996631288593
AAPL,2021,38.06096631793976
AAPL,2022,-28.199511968692793
AAPL,2023,54.79822885735815
AAPL,2024,35.556374238913754
MSFT,1994,52.574208452031556
MSFT,1995,45.794434217861955
MSFT,1996,84.1225881221033
MSFT,1997,58.346132688066945
MSFT,1998,111.53485139516323
MSFT,1999,65.60278383094594
MSFT,2000,-62.78821348796435
MSFT,2001,52.73774484232789
MSFT,2002,-22.881884464846657
MSFT,2003,2.799812367131249
MSFT,2004,8.810111190092229
MSFT,2005,-1.0123182703817513
MSFT,2006,12.861337629533631
MSFT,2007,20.8428731846376
MSFT,2008,-43.78554150575614
MSFT,2009,53.44232364194104
MSFT,2010,-7.9441572719637366
MSFT,2011,-4.7545349925443015
MSFT,2012,2.5976447665775337
MSFT,2013,39.54376401307111
MSFT,2014,28.422761374378112
MSFT,2015,21.87849045454806
MSFT,2016,16.505742781493016
MSFT,2017,39.74112862692147
MSFT,2018,20.219077808142384
MSFT,2019,58.25928460453764
MSFT,2020,39.94289125029131
MSFT,2021,55.78995398418716
MSFT,2022,-27.68716928387639
MSFT,2023,58.349748835947054
MSFT,2024,14.501577233728069
GOOGL,2004,92.1367533477464
GOOGL,2005,104.6568779602465
GOOGL,2006,5.801530612830463
GOOGL,2007,47.881703117875254
GOOGL,2008,-55.1000480024046
GOOGL,2009,92.94781434513581
GOOGL,2010,-5.230154714101809
GOOGL,2011,6.8751539796936045
GOOGL,2012,6.307378586037116
GOOGL,2013,54.95476590089299
GOOGL,2014,-4.7489384370097865
GOOGL,2015,46.91907920392171
GOOGL,2016,4.346634375061731
GOOGL,2017,30.369669116352014
GOOGL,2018,-2.632281948230686
GOOGL,2019,26.99489678922502
GOOGL,2020,28.05332762006656
GOOGL,2021,67.8344259862286
GOOGL,2022,-39.14814737394542
GOOGL,2023,56.7437039635458
GOOGL,2024,37.50179548066659
AMZN,1997,156.3824602537917
AMZN,1998,979.8303680112093
AMZN,1999,28.684607979369936
AMZN,2000,-82.58741285417463
AMZN,2001,-22.01801946079771
AMZN,2002,72.35402680512348
AMZN,2003,168.880942144449
AMZN,2004,-14.662815953997255
AMZN,2005,5.907457392319904
AMZN,2006,-17.06599023536093
AMZN,2007,139.37985046287707
AMZN,2008,-46.722080181171364
AMZN,2009,147.4613683823273
AMZN,2010,34.42867467121562
AMZN,2011,-6.036268405416445
AMZN,2012,40.12735331644068
AMZN,2013,54.984261094232934
AMZN,2014,-22.016737047383927
AMZN,2015,119.07493341868141
AMZN,2016,17.720840149641482
AMZN,2017,55.17003942803884
AMZN,2018,26.32106121225375
AMZN,2019,20.05743720383446
AMZN,2020,71.59709483183182
AMZN,2021,4.635303236972321
AMZN,2022,-50.70552576558551
AMZN,2023,77.04498133500893
AMZN,2024,46.32829327489678
NVDA,1999,138.40923595558604
NVDA,2000,39.98626385530684
NVDA,2001,346.9295988781623
NVDA,2002,-82.89739664771052
NVDA,2003,88.46498097476692
NVDA,2004,2.079687333228364
NVDA,2005,55.046766866767996
NVDA,2006,93.66806355043771
NVDA,2007,41.435773627010455
NVDA,2008,-75.55285105536827
NVDA,2009,114.4661126644098
NVDA,2010,-16.711758638959438
NVDA,2011,-12.389359655340659
NVDA,2012,-12.114719898080429
NVDA,2013,28.695097958557668
NVDA,2014,28.680930083651155
NVDA,2015,66.45136560790345
NVDA,2016,232.91966016040476
NVDA,2017,90.42639750677391
NVDA,2018,-32.84552417601535
NVDA,2019,73.40986675040892
NVDA,2020,118.02413257944546
NVDA,2021,124.4761636854423
NVDA,2022,-51.43698603158134
NVDA,2023,246.09835313387407
NVDA,2024,178.87411268414147
INTC,1994,4.667468807942354
INTC,1995,78.51001463272873
INTC,1996,123.90198273131037
INTC,1997,7.913374658112193
INTC,1998,63.508842761044384
INTC,1999,36.50085180317455
INTC,2000,-30.80145291233929
INTC,2001,1.5081027909493283
INTC,2002,-52.649396032552275
INTC,2003,92.74707300662273
INTC,2004,-26.815801192144228
INTC,2005,9.635340772875223
INTC,2006,-19.173943887392475
INTC,2007,33.57231453452758
INTC,2008,-40.59319039279073
INTC,2009,38.79061604453884
INTC,2010,3.8265409954539864
INTC,2011,20.427158180634652
INTC,2012,-13.054398406266078
INTC,2013,26.266204399217095
INTC,2014,45.174710423750476
INTC,2015,-2.402203999144803
INTC,2016,10.228255398443142
INTC,2017,29.690213648335153
INTC,2018,2.691493414692059
INTC,2019,30.29552241981712
INTC,2020,-16.076947802377852
INTC,2021,6.372830118407613
INTC,2022,-48.357423664480606
INTC,2023,92.37875861197303
INTC,2024,-57.492623059403236
ORCL,1994,54.82466404230644
ORCL,1995,48.25069935055903
ORCL,1996,44.79760766881835
ORCL,1997,-20.312501397788406
ORCL,1998,87.50006709386334
ORCL,1999,290.91558033578127
ORCL,2000,-1.5873269755595998
ORCL,2001,-47.63981571451868
ORCL,2002,-22.746774268272596
ORCL,2003,18.01962202188161
ORCL,2004,4.414002035532127
ORCL,2005,-8.94856639671252
ORCL,2006,36.03167794805597
ORCL,2007,28.954946764605882
ORCL,2008,-21.16498636285673
ORCL,2009,34.2385762004316
ORCL,2010,26.956327437971005
ORCL,2011,-18.29737364827999
ORCL,2012,30.647311708473147
ORCL,2013,11.113762053489818
ORCL,2014,20.295356185256352
ORCL,2015,-16.44188858166068
ORCL,2016,8.77023988986183
ORCL,2017,24.126629768455988
ORCL,2018,-1.617014925345528
ORCL,2019,19.158551523417078
ORCL,2020,22.016897325563356
ORCL,2021,38.907888335057606
ORCL,2022,-5.394454973420482
ORCL,2023,27.844798402353234
ORCL,2024,62.09672831559276
IBM,1994,29.63398993062143
IBM,1995,25.249445238527702
IBM,1996,68.62073492558494
IBM,1997,37.718106226438366
IBM,1998,75.79431687723795
IBM,1999,18.45911705841963
IBM,2000,-26.38280936723475
IBM,2001,43.320960623014756
IBM,2002,-35.744691956412886
IBM,2003,15.906743441449734
IBM,2004,8.51029849848539
IBM,2005,-15.117499988481898
IBM,2006,19.97845842735646
IBM,2007,12.69670020702347
IBM,2008,-18.20271019342924
IBM,2009,52.813467378549575
IBM,2010,12.924086338497155
IBM,2011,26.789913006949195
IBM,2012,4.548925776454027
IBM,2013,-2.617897440193151
IBM,2014,-11.423758771964188
IBM,2015,-12.307816099000712
IBM,2016,26.748909009422526
IBM,2017,-4.67698711268808
IBM,2018,-22.974709702131968
IBM,2019,21.924266804159842
IBM,2020,-2.1698337934518586
IBM,2021,18.47877208494144
IBM,2022,8.70139900997855
IBM,2023,21.280657329182894
IBM,2024,41.03827343140218
CSCO,1994,9.338540881697742
CSCO,1995,118.68134868925809
CSCO,1996,66.61206421998034
CSCO,1997,33.00200455510702
CSCO,1998,139.7738561539021
CSCO,1999,124.78694512920856
CSCO,2000,-29.20766129780209
CSCO,2001,-45.636018903498346
CSCO,2002,-31.87725814388046
CSCO,2003,77.63929026998201
CSCO,2004,-20.329906564095356
CSCO,2005,-11.38713590483208
CSCO,2006,56.61893753978728
CSCO,2007,-2.3801647340261134
CSCO,2008,-38.58327243082103
CSCO,2009,41.15562763495777
CSCO,2010,-18.064043727512036
CSCO,2011,-10.764049486013272
CSCO,2012,7.951222649968326
CSCO,2013,12.766817768681493
CSCO,2014,29.48833740553618
CSCO,2015,0.6924468846809306
CSCO,2016,17.48775014092585
CSCO,2017,29.892846316690225
CSCO,2018,14.891688040096396
CSCO,2019,14.819542255943308
CSCO,2020,-5.100965834742355
CSCO,2021,47.18715223647798
CSCO,2022,-22.204938572245936
CSCO,2023,8.611974169325997
CSCO,2024,21.019573902332112
ADBE,1994,40.99224397101682
ADBE,1995,110.65535677651384
ADBE,1996,-41.387741158169256
ADBE,1997,7.511743897972023
ADBE,1998,15.834743748162738
ADBE,1999,169.95659280173987
ADBE,2000,77.61150212045118
ADBE,2001,-33.454931427299464
ADBE,2002,-21.9961440925437
ADBE,2003,52.89841715889867
ADBE,2004,60.68865047026555
ADBE,2005,19.848438546305893
ADBE,2006,6.749736353123703
ADBE,2007,7.039081919289725
ADBE,2008,-48.95708131661659
ADBE,2009,59.77410099004814
ADBE,2010,-17.012670369326255
ADBE,2011,-9.651647073826153
ADBE,2012,31.8865968066564
ADBE,2013,56.181535810644554
ADBE,2014,22.61763505758847
ADBE,2015,29.859009119415525
ADBE,2016,11.938670851150746
ADBE,2017,69.34673348309497
ADBE,2018,27.315705896753563
ADBE,2019,46.86288765286306
ADBE,2020,49.544002054276625
ADBE,2021,16.837681179650854
ADBE,2022,-40.37067851039481
ADBE,2023,77.07466217761552
ADBE,2024,-23.340288747727634
CRM,2004,-1.5116222558367753
CRM,2005,93.0722366830544
CRM,2006,6.454432372533292
CRM,2007,73.80091065889663
CRM,2008,-46.897810873522786
CRM,2009,116.8430373428556
CRM,2010,76.42344238597629
CRM,2011,-25.72475180762558
CRM,2012,66.10673856454822
CRM,2013,28.971171063061128
CRM,2014,8.111562434590592
CRM,2015,32.34299622544261
CRM,2016,-10.754771093896986
CRM,2017,44.924874338082766
CRM,2018,31.184731365340014
CRM,2019,19.985245133030215
CRM,2020,33.259486582266675
CRM,2021,15.351091496240365
CRM,2022,-48.09755869891104
CRM,2023,95.23666452386928
CRM,2024,31.260432725468835
QCOM,1994,-9.647061812490321
QCOM,1995,77.31955718824386
QCOM,1996,-8.857163403349377
QCOM,1997,28.253936093454147
QCOM,1998,2.241612512005964
QCOM,1999,2441.5988129033817
QCOM,2000,-54.16524379436424
QCOM,2001,-28.747791342921214
QCOM,2002,-30.08648325673624
QCOM,2003,46.1314157049572
QCOM,2004,59.11710173484774
QCOM,2005,2.6839697229059434
QCOM,2006,-13.165701843659994
QCOM,2007,6.464537611119625
QCOM,2008,-5.326803979314865
QCOM,2009,26.87024576299697
QCOM,2010,7.427690228044637
QCOM,2011,10.704399635114825
QCOM,2012,13.70493925062679
QCOM,2013,16.899171702655668
QCOM,2014,3.553706475206475
QCOM,2015,-30.586096607026292
QCOM,2016,34.74034214934769
QCOM,2017,1.7343276271863717
QCOM,2018,-9.261269081180712
QCOM,2019,59.39170333428558
QCOM,2020,76.16472783107295
QCOM,2021,25.414564442008427
QCOM,2022,-39.684168252885456
QCOM,2023,38.52605164962972
QCOM,2024,11.708930887663382
TXN,1994,21.35245798831711
TXN,1995,41.59904011124262
TXN,1996,33.07706991573682
TXN,1997,42.493874808091306
TXN,1998,79.84836741057508
TXN,1999,122.4295886567238
TXN,2000,-7.762115735276776
TXN,2001,-39.391320008176514
TXN,2002,-47.720660451829964
TXN,2003,83.97039098781991
TXN,2004,-15.69557672294728
TXN,2005,33.15733435203985
TXN,2006,-12.99452044641204
TXN,2007,17.99705138103509
TXN,2008,-51.22484844798421
TXN,2009,66.2720881365033
TXN,2010,27.319744706861915
TXN,2011,-9.516400911082123
TXN,2012,6.338624438577689
TXN,2013,39.85739261199501
TXN,2014,27.443280343043863
TXN,2015,5.154583739540053
TXN,2016,37.893820904893836
TXN,2017,45.5293511084923
TXN,2018,-8.163140829477767
TXN,2019,39.63731839240332
TXN,2020,30.40023842938162
TXN,2021,18.914763722191363
TXN,2022,-10.8647941467365
TXN,2023,7.719469796860712
TXN,2024,13.93855356061804
AMD,1994,39.16083916083917
AMD,1995,-34.0
AMD,1996,49.27536231884058
AMD,1997,-34.56221198156682
AMD,1998,50.16181229773462
AMD,1999,3.3482142857142794
AMD,2000,-10.88709677419355
AMD,2001,10.330432394276489
AMD,2002,-60.58572130132618
AMD,2003,112.55348262530616
AMD,2004,48.18304822684922
AMD,2005,42.92387015205159
AMD,2006,-37.191359805290325
AMD,2007,-61.577869753496685
AMD,2008,-69.7478973918543
AMD,2009,306.72268234111806
AMD,2010,-15.670098288429857
AMD,2011,-36.24557349321434
AMD,2012,-56.204377974195616
AMD,2013,52.96442408389546
AMD,2014,-32.40506217564133
AMD,2015,7.490629346450928
AMD,2016,309.3862899159613
AMD,2017,-10.061247082240598
AMD,2018,68.12386023754655
AMD,2019,143.5475347645437
AMD,2020,86.78208133307747
AMD,2021,55.90464695411932
AMD,2022,-56.88898144641412
AMD,2023,130.25618774079456
AMD,2024,-12.837350758023113
BLK,1999,21.681391131196005
BLK,2000,152.63154445044944
BLK,2001,4.249984155692288
BLK,2002,-4.646648244342478
BLK,2003,33.04503406966815
BLK,2004,45.22707788489628
BLK,2005,45.17560870288315
BLK,2006,41.06744470671009
BLK,2007,42.09048855322162
BLK,2008,-36.59612940805368
BLK,2009,70.30860371592891
BLK,2010,-18.183728139017962
BLK,2011,-3.415141436379232
BLK,2012,17.84347129261443
BLK,2013,52.54506787787372
BLK,2014,17.053852152304238
BLK,2015,-2.127294132688995
BLK,2016,17.191513933454907
BLK,2017,36.092609774697195
BLK,2018,-20.870504996479877
BLK,2019,33.01670397323653
BLK,2020,45.388806050423305
BLK,2021,31.342961471709053
BLK,2022,-20.062537622602793
BLK,2023,17.297592006329054
BLK,2024,31.149431808347572
AXP,1994,16.616285263250006
AXP,1995,44.04528957114473
AXP,1996,39.39557709039499
AXP,1997,65.3732088761604
AXP,1998,16.425898786286396
AXP,1999,65.0203299762657
AXP,2000,5.444183010617709
AXP,2001,-30.783863744501982
AXP,2002,-0.6002456446336457
AXP,2003,32.721764724300975
AXP,2004,18.781575134051277
AXP,2005,6.122373809746606
AXP,2006,16.548493668570853
AXP,2007,-13.159849310505356
AXP,2008,-63.168742298617175
AXP,2009,117.02653431382264
AXP,2010,6.783032811739242
AXP,2011,10.422797306461028
AXP,2012,20.46881000660552
AXP,2013,55.83649793029453
AXP,2014,5.146044560116403
AXP,2015,-24.193121754214587
AXP,2016,11.730902013730148
AXP,2017,33.92049904047474
AXP,2018,-2.256019984064428
AXP,2019,32.018773333108584
AXP,2020,-2.5479401855165507
AXP,2021,40.212792390745086
AXP,2022,-11.024104228798315
AXP,2023,29.221554960873174
AXP,2024,59.49431271680194
BRK-B,1996,-4.137935173497198
BRK-B,1997,40.29170436375102
BRK-B,1998,53.69522602112542
BRK-B,1999,-21.45922817047604
BRK-B,2000,33.37111288553973
BRK-B,2001,4.728325843173065
BRK-B,2002,-2.4557190281982
BRK-B,2003,17.585626526964404
BRK-B,2004,4.744915772833758
BRK-B,2005,1.2590540669193073
BRK-B,2006,23.642496860272534
BRK-B,2007,30.002745576762745
BRK-B,2008,-30.206297671808624
BRK-B,2009,-1.113448501299208
BRK-B,2010,20.975534783448246
BRK-B,2011,-5.111305090374307
BRK-B,2012,15.473734031725428
BRK-B,2013,27.2103019750473
BRK-B,2014,27.78722884807181
BRK-B,2015,-11.48354568149259
BRK-B,2016,24.650092334637907
BRK-B,2017,20.99127083274539
BRK-B,2018,3.5290494939655748
BRK-B,2019,11.686388851874696
BRK-B,2020,1.5237075777569276
BRK-B,2021,30.88203282740323
BRK-B,2022,2.6962283058519
BRK-B,2023,15.085024506330846
BRK-B,2024,25.05656057641734
USB,1994,9.380103036573416
USB,1995,67.86715931689899
USB,1996,58.298456923343146
USB,1997,94.80844663335026
USB,1998,67.37202129309526
USB,1999,-28.875412132968048
USB,2000,16.349272973462647
USB,2001,-6.05795956781896
USB,2002,7.164921079407005
USB,2003,43.857312445019645
USB,2004,11.320275393878143
USB,2005,0.40268094356969986
USB,2006,24.69842259461885
USB,2007,-7.867838313099629
USB,2008,-15.10861687392564
USB,2009,-9.926999164457595
USB,2010,18.845849524378888
USB,2011,2.3913750853928217
USB,2012,18.647017924028255
USB,2013,25.53688240100729
USB,2014,15.223573790342693
USB,2015,-2.5549963337758497
USB,2016,26.954390419037978
USB,2017,6.425728670938802
USB,2018,-13.09055810567349
USB,2019,31.748332223019027
USB,2020,-17.72969614817007
USB,2021,25.589427403424626
USB,2022,-20.68316007853467
USB,2023,2.3725438436876134
USB,2024,13.965855772827119
JNJ,1994,24.015164148961453
JNJ,1995,59.85323075681139
JNJ,1996,19.855853358217914
JNJ,1997,34.293309266219964
JNJ,1998,30.591520920051394
JNJ,1999,14.088743907144652
JNJ,2000,15.564344982646672
JNJ,2001,17.424756094479974
JNJ,2002,-7.2516627024254765
JNJ,2003,-4.942553544766904
JNJ,2004,25.168135585462558
JNJ,2005,-2.5620523426991504
JNJ,2006,9.643408140448972
JNJ,2007,3.018954222477155
JNJ,2008,-6.611116694050567
JNJ,2009,9.764671862016971
JNJ,2010,-1.0019614918344244
JNJ,2011,8.192691888252067
JNJ,2012,10.34269301887929
JNJ,2013,33.21806937700471
JNJ,2014,18.059188238422543
JNJ,2015,1.1905656537346987
JNJ,2016,17.900202740087412
JNJ,2017,23.748607856074578
JNJ,2018,-4.7975627631201885
JNJ,2019,17.402718309340347
JNJ,2020,10.747772332693684
JNJ,2021,12.06471072114066
JNJ,2022,5.684518450442533
JNJ,2023,-9.368490325033896
JNJ,2024,-6.733433237133957
UNH,1994,16.904083448534845
UNH,1995,51.68928200230587
UNH,1996,-30.358443842661064
UNH,1997,9.875895456176952
UNH,1998,-13.293853736399807
UNH,1999,17.259509814102557
UNH,2000,128.49518708310913
UNH,2001,20.140624732022072
UNH,2002,18.62209790882554
UNH,2003,35.805427981024906
UNH,2004,49.17309843065265
UNH,2005,43.523517196972406
UNH,2006,-12.912996743759042
UNH,2007,10.770206152101625
UNH,2008,-53.02062112567818
UNH,2009,10.636398792690759
UNH,2010,15.917540026274057
UNH,2011,38.28292446133514
UNH,2012,6.894170462181726
UNH,2013,40.26738355642794
UNH,2014,37.79195640027739
UNH,2015,18.635107468825108
UNH,2016,39.81065688891947
UNH,2017,38.6136569547638
UNH,2018,14.161423026876552
UNH,2019,22.77777384323163
UNH,2020,21.863678969848
UNH,2021,45.6939198863088
UNH,2022,6.9064816537440565
UNH,2023,3.037981518407573
UNH,2024,-4.739100417970565
PFE,1994,17.007876492148522
PFE,1995,69.43751376540537
PFE,1996,35.6020716206985
PFE,1997,84.41855835025865
PFE,1998,66.40639122083172
PFE,1999,-20.544668508683994
PFE,2000,45.580071988267875
PFE,2001,-12.711772605896854
PFE,2002,-22.254652305754153
PFE,2003,14.163151754318681
PFE,2004,-22.782532531274235
PFE,2005,-9.142490045514872
PFE,2006,13.029411450956463
PFE,2007,-9.498310785326058
PFE,2008,-17.610362740735987
PFE,2009,4.883626080655379
PFE,2010,-3.6063363457396247
PFE,2011,27.545857473493164
PFE,2012,18.61646024247847
PFE,2013,22.16329277577156
PFE,2014,5.864020547047688
PFE,2015,6.472662604937285
PFE,2016,5.503426705756254
PFE,2017,14.07542208399728
PFE,2018,24.065331508671118
PFE,2019,-6.046970303378229
PFE,2020,3.17479719352185
PFE,2021,66.69508529420742
PFE,2022,-6.612360046584564
PFE,2023,-41.28701199857861
PFE,2024,-5.308741658108406
ABBV,2013,56.37614994152828
ABBV,2014,29.960885707580886
ABBV,2015,-7.13931832485577
ABBV,2016,12.898394343479147
ABBV,2017,60.61348844908019
ABBV,2018,-2.6674278783472505
ABBV,2019,4.834165875234109
ABBV,2020,26.27774909085463
ABBV,2021,34.61195396086183
ABBV,2022,23.989398540231367
ABBV,2023,-0.7079474609098524
ABBV,2024,15.252051900991681
MRK,1994,12.000562547992267
MRK,1995,76.02863358240724
MRK,1996,26.58918156523038
MRK,1997,35.22397497001393
MRK,1998,39.167763928509494
MRK,1999,-8.875147927753236
MRK,2000,40.84485058665437
MRK,2001,-35.531417921773624
MRK,2002,-2.7960798163987333
MRK,2003,-13.697391131449566
MRK,2004,-29.07239855380319
MRK,2005,6.970616598195978
MRK,2006,38.5819675064693
MRK,2007,36.043490778592634
MRK,2008,-44.62730719898348
MRK,2009,24.248270383107172
MRK,2010,1.605078020819528
MRK,2011,9.559997691639555
MRK,2012,11.364066496290182
MRK,2013,25.59960082687538
MRK,2014,18.25506559531449
MRK,2015,-4.560248704433123
MRK,2016,15.79951925514338
MRK,2017,-3.582870744095823
MRK,2018,40.07835477174084
MRK,2019,23.597855205525153
MRK,2020,-8.303734524319628
MRK,2021,2.810574885812267
MRK,2022,48.974306145614264
MRK,2023,0.837196776364646
MRK,2024,-9.75336780307623
TMO,1994,8.78790671904197
TMO,1995,75.7745731034654
TMO,1996,21.04142543073828
TMO,1997,12.460081120446143
TMO,1998,-60.78147883468257
TMO,1999,-10.112366572156006
TMO,2000,98.33333320314127
TMO,2001,-4.362367811902901
TMO,2002,-14.38296247091424
TMO,2003,23.650641074151245
TMO,2004,20.615249200347428
TMO,2005,1.5161165798764031
TMO,2006,49.5706813616994
TMO,2007,27.695464647804524
TMO,2008,-38.94265974996694
TMO,2009,34.86987665743673
TMO,2010,16.547386045207134
TMO,2011,-20.350693543573495
TMO,2012,37.28067977116631
TMO,2013,72.48497848248768
TMO,2014,14.837507914568327
TMO,2015,11.234420877817076
TMO,2016,2.1150917591398644
TMO,2017,32.61079320308995
TMO,2018,16.311210967003078
TMO,2019,48.44875844036902
TMO,2020,43.0590236784689
TMO,2021,41.70201209144153
TMO,2022,-14.422423869584488
TMO,2023,-3.790707853759734
TMO,2024,-4.135721290509176
ABT,1994,15.909688405123145
ABT,1995,29.9522670386003
ABT,1996,24.18345313647865
ABT,1997,32.953215166638984
ABT,1998,47.478913918876444
ABT,1999,-24.405914054198487
ABT,2000,40.93696935845179
ABT,2001,17.838409946426914
ABT,2002,-26.851822539894133
ABT,2003,19.123188752168364
ABT,2004,17.425113311632234
ABT,2005,-13.520155787928879
ABT,2006,26.47896479918486
ABT,2007,17.416563137391883
ABT,2008,-1.8914482101337171
ABT,2009,4.208093816381009
ABT,2010,-9.060513283898896
ABT,2011,22.005434426075343
ABT,2012,19.255860956519875
ABT,2013,21.546677349161737
ABT,2014,20.397776936292367
ABT,2015,2.1439820946180577
ABT,2016,-8.276743070484894
ABT,2017,49.5366012569352
ABT,2018,25.285928138319136
ABT,2019,27.051247719183614
ABT,2020,27.90817770218159
ABT,2021,30.98288578294095
ABT,2022,-19.712091518964293
ABT,2023,2.4565946471584166
ABT,2024,5.0225137989379665
LLY,1994,15.630202949756256
LLY,1995,78.36021594045147
LLY,1996,34.74996246567581
LLY,1997,94.84697139978297
LLY,1998,30.408273183612742
LLY,1999,-21.70590705549158
LLY,2000,43.91810139673071
LLY,2001,-12.957862198881298
LLY,2002,-17.52988912419181
LLY,2003,9.687835323314609
LLY,2004,-18.590338914434522
LLY,2005,3.4415940221983465
LLY,2006,-6.4474668242939455
LLY,2007,5.367274734092753
LLY,2008,-20.044212539225136
LLY,2009,-6.934922457310522
LLY,2010,3.3384962946899632
LLY,2011,25.32213398586247
LLY,2012,23.52607140202312
LLY,2013,6.874907483108994
LLY,2014,40.497432035760575
LLY,2015,23.47738749324062
LLY,2016,-8.865416532683067
LLY,2017,16.17581756889368
LLY,2018,40.08983005018456
LLY,2019,16.98916994697759
LLY,2020,30.266757387834286
LLY,2021,69.42979495647583
LLY,2022,36.47373441120736
LLY,2023,61.28379837537605
LLY,2024,31.212182849947645
BMY,1994,6.149908334092258
BMY,1995,51.98403913571084
BMY,1996,32.54211203327051
BMY,1997,80.17179484102334
BMY,1998,42.94983632793945
BMY,1999,-0.2399938257618084
BMY,2000,16.64186666190235
BMY,2001,-23.640476817688427
BMY,2002,-52.52589856589292
BMY,2003,24.4077029023692
BMY,2004,-9.611462262953562
BMY,2005,-5.439949351980178
BMY,2006,18.558424506189898
BMY,2007,3.446584347348569
BMY,2008,-5.741054068102236
BMY,2009,11.796212450898036
BMY,2010,7.122896154006653
BMY,2011,38.91116762528508
BMY,2012,-3.173025365694082
BMY,2013,67.51585545463344
BMY,2014,16.102234750220546
BMY,2015,18.29403408972845
BMY,2016,-11.219636635520725
BMY,2017,5.879004836680313
BMY,2018,-12.93832676113096
BMY,2019,26.641735626132057
BMY,2020,1.043534613934316
BMY,2021,3.9693088379841868
BMY,2022,19.884685583560536
BMY,2023,-26.46172136338951
BMY,2024,12.622939154618141
AMGN,1994,20.101818328768672
AMGN,1995,103.86263829732849
AMGN,1996,-6.65233011834091
AMGN,1997,-0.9153151277986549
AMGN,1998,93.85854425356813
AMGN,1999,123.74860757972459
AMGN,2000,1.5888578063261827
AMGN,2001,-10.234592336905068
AMGN,2002,-14.290784106242638
AMGN,2003,25.283859672795515
AMGN,2004,2.8869081296967636
AMGN,2005,22.68198794690235
AMGN,2006,-14.995001659095465
AMGN,2007,-32.105274961725215
AMGN,2008,23.92702826410622
AMGN,2009,-4.102397110709477
AMGN,2010,-4.885667510715086
AMGN,2011,16.790610257712913
AMGN,2012,37.04430189028167
AMGN,2013,30.336100894953244
AMGN,2014,40.219158919468256
AMGN,2015,3.5653628299316065
AMGN,2016,-5.226531242572796
AMGN,2017,18.601728069820677
AMGN,2018,13.21485153504145
AMGN,2019,29.442989642924623
AMGN,2020,-1.5930396700045812
AMGN,2021,2.3249606608594764
AMGN,2022,19.518133499717273
AMGN,2023,13.893608685361936
AMGN,2024,-9.70931759244207
TSLA,2010,11.469193823263456
TSLA,2011,7.287734401039936
TSLA,2012,20.619653969561135
TSLA,2013,325.42431147774266
TSLA,2014,48.174544502199666
TSLA,2015,9.438694358138978
TSLA,2016,-4.350743662986578
TSLA,2017,43.48587551998524
TSLA,2018,3.8280294369462897
TSLA,2019,34.892937668596645
TSLA,2020,720.0506467423963
TSLA,2021,44.810011799597646
TSLA,2022,-69.19935310711031
TSLA,2023,129.8612388852389
TSLA,2024,62.56340041643804
HD,1994,19.11208309759744
HD,1995,5.700337937157185
HD,1996,6.265674797810306
HD,1997,80.50207817249951
HD,1998,109.79765893090234
HD,1999,75.79569588794446
HD,2000,-29.67179876697935
HD,2001,12.497601185913032
HD,2002,-52.041282107437745
HD,2003,43.886887530333716
HD,2004,23.0942503316546
HD,2005,-5.145370076704436
HD,2006,-0.8549673890966281
HD,2007,-32.668305247399154
HD,2008,-8.5702698141933
HD,2009,24.555622899333308
HD,2010,26.087080219995727
HD,2011,22.621827302341234
HD,2012,49.98439318660457
HD,2013,32.40689096599056
HD,2014,30.745420163928205
HD,2015,30.437560977954227
HD,2016,4.47363366795801
HD,2017,44.365191872537046
HD,2018,-6.555937759513119
HD,2019,30.11300941533499
HD,2020,23.776150897399727
HD,2021,60.53346944340683
HD,2022,-20.759947580069948
HD,2023,12.75157141776102
HD,2024,15.485627042933125
MCD,1994,4.837863666851461
MCD,1995,56.04026446831014
MCD,1996,0.3308430088439174
MCD,1997,6.513599554443106
MCD,1998,62.19257972434142
MCD,1999,5.281351942783852
MCD,2000,-13.63396504520551
MCD,2001,-20.315118221285665
MCD,2002,-38.45151872724969
MCD,2003,52.365270978422274
MCD,2004,31.72687723236518
MCD,2005,8.145007302885787
MCD,2006,35.4773035060689
MCD,2007,37.814381839682554
MCD,2008,10.09980033836786
MCD,2009,1.4176887473252187
MCD,2010,26.255230471793965
MCD,2011,34.94195901980171
MCD,2012,-7.891753471516349
MCD,2013,11.187369770546528
MCD,2014,0.541014072492918
MCD,2015,31.04447069194243
MCD,2016,6.711948146016655
MCD,2017,47.59674363318187
MCD,2018,5.107396542881726
MCD,2019,14.94893510415869
MCD,2020,9.534125389823833
MCD,2021,30.438470842478928
MCD,2022,0.31729030572937855
MCD,2023,14.71379304079945
MCD,2024,-0.04206857860505897
NKE,1994,59.910217455208794
NKE,1995,93.74542538618968
NKE,1996,69.0903836642502
NKE,1997,-34.22777731678056
NKE,1998,1.8366364560025383
NKE,1999,20.53072829244269
NKE,2000,16.700626827163447
NKE,2001,4.471712216240009
NKE,2002,-21.465464938516355
NKE,2003,49.32743262976531
NKE,2004,34.871501625045084
NKE,2005,-3.6921187841566616
NKE,2006,16.0912098435384
NKE,2007,33.12393760296748
NKE,2008,-18.128768905654024
NKE,2009,26.91307213576033
NKE,2010,32.68687859851589
NKE,2011,13.59079423888845
NKE,2012,8.1710564315695
NKE,2013,53.784279615239036
NKE,2014,24.387513738260157
NKE,2015,32.93596747628587
NKE,2016,-16.38964032931979
NKE,2017,21.94095945182997
NKE,2018,18.093452420241384
NKE,2019,38.24326888229193
NKE,2020,39.74385565587599
NKE,2021,19.85953517383683
NKE,2022,-28.179285443511603
NKE,2023,-7.390828733878607
NKE,2024,-27.76347014111996
SBUX,1994,22.22225649490115
SBUX,1995,57.00928849867599
SBUX,1996,46.79495806804417
SBUX,1997,38.28828269718032
SBUX,1998,49.16942214254873
SBUX,1999,-9.976790328486086
SBUX,2000,79.46779405618467
SBUX,2001,-9.420509364807383
SBUX,2002,4.459296961347992
SBUX,2003,56.41508812854092
SBUX,2004,89.48650583764079
SBUX,2005,-1.8318306526346029
SBUX,2006,14.739234670477842
SBUX,2007,-41.92907685676407
SBUX,2008,-51.00982042652444
SBUX,2009,134.34957734195802
SBUX,2010,41.3028113255941
SBUX,2011,40.46906309019438
SBUX,2012,20.15861811758297
SBUX,2013,44.41767944010833
SBUX,2014,7.923160499697524
SBUX,2015,49.321321012075444
SBUX,2016,-3.277001924131462
SBUX,2017,5.684111241775058
SBUX,2018,14.337877492139617
SBUX,2019,39.25818891500459
SBUX,2020,22.200790734529473
SBUX,2021,15.328417749547963
SBUX,2022,-12.960558677262723
SBUX,2023,-2.782557420548959
SBUX,2024,-0.04261188490801704
TGT,1994,9.14698429290639
TGT,1995,9.741081553879049
TGT,1996,56.6589495970397
TGT,1997,78.74937195419744
TGT,1998,60.335657644405
TGT,1999,36.70602112578594
TGT,2000,-9.87352644407914
TGT,2001,24.184781202938012
TGT,2002,-26.36779936353626
TGT,2003,24.373264378252557
TGT,2004,38.59906179739831
TGT,2005,6.847785105426563
TGT,2006,5.133714541675127
TGT,2007,-11.768757074173541
TGT,2008,-29.318281239679
TGT,2009,42.07057291639196
TGT,2010,25.851367594638486
TGT,2011,-13.895689559572455
TGT,2012,18.403223224761113
TGT,2013,10.138254191748409
TGT,2014,24.0045426653452
TGT,2015,-0.8406519864490702
TGT,2016,1.4253379661164578
TGT,2017,-6.508578747672611
TGT,2018,0.9870756473838282
TGT,2019,99.11829877288723
TGT,2020,42.856534799027735
TGT,2021,32.08244871630625
TGT,2022,-34.38515025636847
TGT,2023,-3.0991855043014715
TGT,2024,-2.7321020426668174
LOW,1994,20.95190784571106
LOW,1995,-1.7442850338154403
LOW,1996,5.78076002070218
LOW,1997,37.058754754902324
LOW,1998,118.03730418221008
LOW,1999,17.83988170753057
LOW,2000,-19.956315526342806
LOW,2001,107.93729650626159
LOW,2002,-17.186791696335835
LOW,2003,41.08223497142394
LOW,2004,7.1269792923208675
LOW,2005,15.397801023597491
LOW,2006,-6.618870139991861
LOW,2007,-28.788129436054977
LOW,2008,-1.3836449466451017
LOW,2009,5.1161854654136585
LOW,2010,10.250140085849878
LOW,2011,3.0584842466812256
LOW,2012,42.11909927259649
LOW,2013,39.17993778831026
LOW,2014,41.51740585277588
LOW,2015,13.977492425674187
LOW,2016,-3.920322185133085
LOW,2017,33.60931275735008
LOW,2018,2.675003000436438
LOW,2019,32.36331042103602
LOW,2020,35.60793791011414
LOW,2021,63.47597620016838
LOW,2022,-20.572786698909617
LOW,2023,14.149018113223466
LOW,2024,15.022901795703936
GM,2010,7.80929793412819
GM,2011,-45.304918957756925
GM,2012,36.9596103303099
GM,2013,40.302098248732456
GM,2014,-11.736140671783058
GM,2015,1.7221046789913652
GM,2016,9.714643762889018
GM,2017,21.43105645145178
GM,2018,-16.70243349774001
GM,2019,13.37436393078335
GM,2020,12.75539053308603
GM,2021,44.72973164667424
GM,2022,-44.75757233360924
GM,2023,7.347489915097838
GM,2024,49.30249666282924
F,1994,-9.369054726289683
F,1995,8.223274573368133
F,1996,14.978537128794557
F,1997,59.0811558248822
F,1998,89.50370253247178
F,1999,-4.613012098836067
F,2000,-15.111909699355419
F,2001,-32.5569830584763
F,2002,-40.75211722640909
F,2003,67.1357920569721
F,2004,-6.46975213390969
F,2005,-45.38704269849928
F,2006,-0.874975470246131
F,2007,-10.38616796472449
F,2008,-65.30302309599334
F,2009,306.50398637352157
F,2010,63.32693659848496
F,2011,-37.62319592960692
F,2012,18.52480253754245
F,2013,19.999927518944904
F,2014,3.6296362505107593
F,2015,-4.5410810951341585
F,2016,-7.11467978357625
F,2017,4.7599456885401015
F,2018,-35.22959697944579
F,2019,25.537193275509583
F,2020,-5.100944804330609
F,2021,145.00683832351135
F,2022,-44.83617771222512
F,2023,15.324928322553856
F,2024,-12.88728704388804
COST,1994,-32.679733090790975
COST,1995,18.44656982014614
COST,1996,63.41463482662144
COST,1997,83.07691802454985
COST,1998,64.06248385790786
COST,1999,27.62234110526469
COST,2000,-10.252884557132248
COST,2001,7.7511924858123304
COST,2002,-36.872919717554645
COST,2003,28.162665651753937
COST,2004,34.247958544406984
COST,2005,4.291943407903442
COST,2006,6.9358376933281285
COST,2007,33.29682662428601
COST,2008,-22.18129992260911
COST,2009,12.49826537207821
COST,2010,23.179120250290563
COST,2011,16.324000968285436
COST,2012,26.453615088315342
COST,2013,18.56723931403039
COST,2014,21.697629538943097
COST,2015,19.062562689834948
COST,2016,1.5097526579791687
COST,2017,22.66314184726852
COST,2018,9.307227273624608
COST,2019,44.95359186540746
COST,2020,33.77230919113274
COST,2021,50.475332133522734
COST,2022,-18.90839830659461
COST,2023,50.06236588279598
COST,2024,41.64625311237054
BA,1994,10.21959920638773
BA,1995,70.57861761877504
BA,1996,35.04014932398214
BA,1997,-4.742081694760336
BA,1998,-32.394801567454266
BA,1999,27.479487485770914
BA,2000,66.23247881774515
BA,2001,-36.58551113117602
BA,2002,-11.8507811307901
BA,2003,27.00692371127755
BA,2004,25.33480783021702
BA,2005,40.075620672644206
BA,2006,28.028188738813476
BA,2007,-0.47896274057711574
BA,2008,-49.58243111155925
BA,2009,24.274497432017906
BA,2010,19.06558736119537
BA,2011,13.170039684423518
BA,2012,3.984417123902717
BA,2013,80.62429733826981
BA,2014,-2.674913690180525
BA,2015,14.091441006299332
BA,2016,14.549021500274018
BA,2017,93.11485564540023
BA,2018,10.776706968202166
BA,2019,2.920159494982344
BA,2020,-35.39733809311977
BA,2021,-0.6906047198372844
BA,2022,-8.356583790139016
BA,2023,33.40498719297243
BA,2024,-29.694946035123948
CAT,1994,24.40591852270668
CAT,1995,9.02269865058496
CAT,1996,29.428628903077758
CAT,1997,35.35889124706439
CAT,1998,-4.043589336389264
CAT,1999,1.6340316691926038
CAT,2000,0.7825792585669511
CAT,2001,16.102076234292074
CAT,2002,-8.711978708862544
CAT,2003,78.23100382210964
CAT,2004,20.274791417858463
CAT,2005,23.77186836035858
CAT,2006,7.802140928146595
CAT,2007,20.81914796139972
CAT,2008,-35.07651383615151
CAT,2009,26.856231701016497
CAT,2010,64.03973705855768
CAT,2011,-1.9656936509553358
CAT,2012,-2.0586435544181825
CAT,2013,-0.8823991407139853
CAT,2014,4.5588274968427545
CAT,2015,-23.26706786903823
CAT,2016,42.04320018003309
CAT,2017,72.70578694456107
CAT,2018,-17.27461086525388
CAT,2019,20.166109479004568
CAT,2020,24.56207373957211
CAT,2021,15.870906093677695
CAT,2022,18.449890917542255
CAT,2023,26.307301556752847
CAT,2024,25.91924742158036
GE,1994,1.0670555454585395
GE,1995,45.13659468623676
GE,1996,37.43465020933243
GE,1997,52.91289827120187
GE,1998,39.824363169265766
GE,1999,55.770688778245955
GE,2000,-3.0492069582787384
GE,2001,-6.929703204572057
GE,2002,-39.00654800810111
GE,2003,24.936502479751034
GE,2004,20.12911616256585
GE,2005,-1.6740069101562005
GE,2006,8.345644486682001
GE,2007,0.6290714686386867
GE,2008,-53.554766190606216
GE,2009,-6.863587720837017
GE,2010,21.715986983866387
GE,2011,1.3936241151878859
GE,2012,18.608321684628226
GE,2013,35.59832744879101
GE,2014,-4.865000316922108
GE,2015,28.598324553842126
GE,2016,6.115935476305578
GE,2017,-43.07832777554867
GE,2018,-56.704789126349866
GE,2019,44.75780545705026
GE,2020,-9.012518368321631
GE,2021,13.142453251549702
GE,2022,-12.561500531092218
GE,2023,92.97172189040437
GE,2024,67.02402479581771
MMM,1994,3.283096414182607
MMM,1995,26.945044572551712
MMM,1996,30.762504588556027
MMM,1997,-2.605597644738755
MMM,1998,-12.576272632043716
MMM,1999,34.478624238169274
MMM,2000,30.928210911923948
MMM,2001,1.2961294394842504
MMM,2002,7.387743281336356
MMM,2003,36.79685607895114
MMM,2004,0.21167996270283762
MMM,2005,-3.88609237896691
MMM,2006,0.877187769540333
MMM,2007,10.27308237960247
MMM,2008,-28.465990293882783
MMM,2009,44.393153001861776
MMM,2010,6.617365783436946
MMM,2011,-3.385055581950347
MMM,2012,14.207505140795963
MMM,2013,51.30407480779211
MMM,2014,21.84548925737426
MMM,2015,-5.7623926639202905
MMM,2016,24.88355922902228
MMM,2017,35.2977693963624
MMM,2018,-16.994378986166847
MMM,2019,-4.4963075346811205
MMM,2020,0.7213428726646542
MMM,2021,6.631927537568161
MMM,2022,-29.669922023591113
MMM,2023,-5.3409383645590776
MMM,2024,45.221092672032896
HON,1994,-11.238838121457873
HON,1995,42.314573202370795
HON,1996,38.0521317587035
HON,1997,17.010090070208772
HON,1998,13.822464537179101
HON,1999,34.04705544094861
HON,2000,-15.157963168829436
HON,2001,-21.98909428798733
HON,2002,-26.377061722526783
HON,2003,37.70928605162822
HON,2004,8.559684005372858
HON,2005,7.880056511075795
HON,2006,23.44017968924179
HON,2007,39.06552967035009
HON,2008,-43.79257252801293
HON,2009,17.20558939261636
HON,2010,35.482061268010526
HON,2011,2.8555688860253614
HON,2012,17.219276498543312
HON,2013,44.1196079594891
HON,2014,12.845237581357694
HON,2015,5.474626631300228
HON,2016,16.06283866440803
HON,2017,34.71592495754461
HON,2018,-8.475162932776959
HON,2019,36.995809943758
HON,2020,20.394826880429328
HON,2021,1.9826903392949236
HON,2022,5.770220780651392
HON,2023,0.01891814299312955
HON,2024,10.389350089288186
UPS,1999,1.5592611549659408
UPS,2000,-11.352545055146912
UPS,2001,-2.0245757489828042
UPS,2002,17.286295893128333
UPS,2003,18.183438767206983
UPS,2004,17.81770758550225
UPS,2005,-10.037249981541297
UPS,2006,1.2161934532857854
UPS,2007,-3.4884496432588286
UPS,2008,-17.93028317323284
UPS,2009,5.946061055554686
UPS,2010,28.453781994768622
UPS,2011,3.3124944503567066
UPS,2012,2.497582287918365
UPS,2013,41.56684120655245
UPS,2014,10.520088413250495
UPS,2015,-10.287907626028137
UPS,2016,24.515470844293
UPS,2017,6.7307776432607325
UPS,2018,-18.5652533608749
UPS,2019,24.645347089618163
UPS,2020,48.9868529139673
UPS,2021,33.67030775999089
UPS,2022,-15.88145078284101
UPS,2023,-6.730696369023792
UPS,2024,-16.519999461436974
RTX,1994,7.996865147440535
RTX,1995,54.940899334857576
RTX,1996,44.08549868871785
RTX,1997,12.75276987510987
RTX,1998,50.97222104217545
RTX,1999,21.768476250912983
RTX,2000,27.48918486794787
RTX,2001,-13.003632516559216
RTX,2002,-2.2830621046260102
RTX,2003,51.788978184365874
RTX,2004,11.220353567065855
RTX,2005,10.415302917294
RTX,2006,12.40960255480472
RTX,2007,23.885936645494297
RTX,2008,-27.222786492061392
RTX,2009,29.914277739857198
RTX,2010,12.573149205741396
RTX,2011,-5.297038511746988
RTX,2012,12.724898717448463
RTX,2013,38.50128159057202
RTX,2014,4.43454126630527
RTX,2015,-14.47887772829085
RTX,2016,17.75304536936877
RTX,2017,17.8307219530083
RTX,2018,-15.050250134511689
RTX,2019,41.40438389008636
RTX,2020,-23.67644525487249
RTX,2021,28.814605106010927
RTX,2022,18.758172145636443
RTX,2023,-14.344942266761795
RTX,2024,38.9780479159731
PG,1994,10.36024990898694
PG,1995,35.97083329579678
PG,1996,31.98241469244294
PG,1997,51.89331079391912
PG,1998,14.278848299632685
PG,1999,23.33827990905757
PG,2000,-25.478010252492457
PG,2001,3.025578461037881
PG,2002,10.287378871039298
PG,2003,15.956518547653943
PG,2004,13.388915729934592
PG,2005,6.974368898904171
PG,2006,11.647281587710733
PG,2007,16.154722215159325
PG,2008,-12.486799303079966
PG,2009,-0.40069147820485096
PG,2010,8.487193987476749
PG,2011,6.336254436746813
PG,2012,5.014714226364814
PG,2013,20.973428546607042
PG,2014,16.670762222256275
PG,2015,-9.322504456683166
PG,2016,10.811543232652166
PG,2017,12.53465953225248
PG,2018,4.974826922982234
PG,2019,40.67993144004547
PG,2020,15.530772213981624
PG,2021,21.6763875694761
PG,2022,-4.651577255238526
PG,2023,-0.8642216312958362
PG,2024,15.519500153354526
KO,1994,17.767047309944893
KO,1995,45.49565870027807
KO,1996,41.82448818987845
KO,1997,29.707091772143677
KO,1998,0.9407655130232895
KO,1999,-12.406162038588796
KO,2000,9.505158293530403
KO,2001,-20.731726993370504
KO,2002,-6.133600609814782
KO,2003,15.467708234032319
KO,2004,-15.458955735717216
KO,2005,-0.4219638039063778
KO,2006,21.328771745207753
KO,2007,29.568037192936657
KO,2008,-23.75108072103188
KO,2009,28.50994451582014
KO,2010,18.93660412314697
KO,2011,10.381721265606592
KO,2012,6.269434704877774
KO,2013,13.023840356565518
KO,2014,6.9488785015208165
KO,2015,5.339491182996814
KO,2016,0.958919682816961
KO,2017,13.4517291875347
KO,2018,7.57065234447285
KO,2019,21.67871590135604
KO,2020,3.1399641626265407
KO,2021,15.763196575791216
KO,2022,10.441686756695677
KO,2023,-3.432565655151887
KO,2024,7.257636176005544
PEP,1994,-9.000387493058149
PEP,1995,57.83409506087831
PEP,1996,6.447742891063313
PEP,1997,35.343473958879336
PEP,1998,15.101405776318156
PEP,1999,-12.06752588606067
PEP,2000,36.34153615887492
PEP,2001,-0.1657179352812621
PEP,2002,-12.958536395514608
PEP,2003,9.755456370002701
PEP,2004,14.202643477964006
PEP,2005,15.816017777024305
PEP,2006,6.636705123229292
PEP,2007,23.5450473904953
PEP,2008,-25.36080926816986
PEP,2009,12.169812649902934
PEP,2010,9.896455151247752
PEP,2011,4.0926520028954805
PEP,2012,6.315162771969307
PEP,2013,23.02992595710225
PEP,2014,18.465656035589404
PEP,2015,8.886699670494668
PEP,2016,9.051081048906617
PEP,2017,17.79563790833638
PEP,2018,-3.313213500518597
PEP,2019,28.774635504911107
PEP,2020,12.370574105845211
PEP,2021,23.924072255411886
PEP,2022,7.2340928269361005
PEP,2023,-2.6165556342320873
PEP,2024,-9.242133049562762
WMT,1994,-16.101657534605106
WMT,1995,7.44611678427527
WMT,1996,-1.3392458469483892
WMT,1997,72.81993348709312
WMT,1998,107.89413348904824
WMT,1999,72.16557958819294
WMT,2000,-20.110928512736237
WMT,2001,7.431704553841523
WMT,2002,-12.524605101074782
WMT,2003,3.5003055444165154
WMT,2004,1.9483169956433954
WMT,2005,-11.188590066816506
WMT,2006,1.3672872767645172
WMT,2007,1.8687685081548056
WMT,2008,21.616697306002752
WMT,2009,-4.491421923402406
WMT,2010,1.7349540041713185
WMT,2011,12.530315186426687
WMT,2012,15.883650207007793
WMT,2013,16.440094438422847
WMT,2014,11.558997635403333
WMT,2015,-26.65370196374669
WMT,2016,15.729161919213318
WMT,2017,47.54268598055176
WMT,2018,-3.2752376730600274
WMT,2019,29.898014562425534
WMT,2020,23.218740413217166
WMT,2021,0.3145748149223193
WMT,2022,-0.43634606246211183
WMT,2023,11.45863419342328
WMT,2024,72.20092886613018
PM,2008,-9.063507939478788
PM,2009,14.898854123639582
PM,2010,24.175418293854143
PM,2011,39.44815132775879
PM,2012,9.502200583343345
PM,2013,4.622220139438671
PM,2014,-0.854371310361457
PM,2015,13.98099348196773
PM,2016,9.696629333305662
PM,2017,20.19008662206869
PM,2018,-32.49096768045418
PM,2019,33.91802113990408
PM,2020,3.568712036126098
PM,2021,22.688065450690086
PM,2022,11.451728572993702
PM,2023,-1.9414137487779315
PM,2024,32.25488668515282
MO,1994,5.344226881679748
MO,1995,63.08654318738238
MO,1996,28.3714943027376
MO,1997,26.23438329888943
MO,1998,22.669657701663603
MO,1999,-53.86002106396639
MO,2000,102.04119323509411
MO,2001,3.9677979926942664
MO,2002,-8.402458460349106
MO,2003,43.45912769154516
MO,2004,17.838761517810543
MO,2005,28.70039187265714
MO,2006,19.45029452521063
MO,2007,21.246594169298262
MO,2008,-30.730720557668654
MO,2009,39.06292689506876
MO,2010,32.834806429371575
MO,2011,28.284186433097492
MO,2012,15.99943192925075
MO,2013,24.197776104525826
MO,2014,36.22079865540859
MO,2015,23.865515523982992
MO,2016,22.15782365485437
MO,2017,9.429053567774792
MO,2018,-26.452176106576218
MO,2019,8.045057990878623
MO,2020,-9.008294041672505
MO,2021,24.671346872268064
MO,2022,3.1106434676869688
MO,2023,-3.2952932955870096
MO,2024,36.559534926972816
XOM,1994,-0.14879692891293095
XOM,1995,39.707879922121435
XOM,1996,26.169634699197974
XOM,1997,27.94850631798431
XOM,1998,21.04448268021535
XOM,1999,13.36210720426012
XOM,2000,13.404537950747319
XOM,2001,-9.864907999710947
XOM,2002,-9.563500025713289
XOM,2003,18.839032438647596
XOM,2004,29.228425490521936
XOM,2005,14.397362493442166
XOM,2006,33.60883563988788
XOM,2007,28.51405320308853
XOM,2008,-12.94029641433715
XOM,2009,-14.542576619079561
XOM,2010,8.600029154359357
XOM,2011,16.391384779222417
XOM,2012,3.191641196296602
XOM,2013,17.193624884637448
XOM,2014,-4.690334207854907
XOM,2015,-13.14879468591923
XOM,2016,20.640440815675554
XOM,2017,-4.473649179134609
XOM,2018,-16.48129571149165
XOM,2019,4.924791431467446
XOM,2020,-37.21870619753589
XOM,2021,56.512413525131365
XOM,2022,80.47786192847445
XOM,2023,-2.9259915718203966
XOM,2024,8.674640142647071
CVX,1994,5.735675493578674
CVX,1995,22.50347769360448
CVX,1996,27.299644332340954
CVX,1997,20.52530937266781
CVX,1998,9.683274217908068
CVX,1999,8.499081226257488
CVX,2000,4.150913867104156
CVX,2001,7.3726807435172015
CVX,2002,-22.979440074801015
CVX,2003,32.69219064429372
CVX,2004,26.271872149626716
CVX,2005,15.070749267973206
CVX,2006,28.474767516039922
CVX,2007,35.25907380429392
CVX,2008,-18.442848289049472
CVX,2009,4.459996154491841
CVX,2010,19.72699219680567
CVX,2011,19.3774040865496
CVX,2012,1.2823846621784263
CVX,2013,16.87684174033628
CVX,2014,-6.4119263697915425
CVX,2015,-16.468497767122837
CVX,2016,38.3687162786021
CVX,2017,10.448838545938187
CVX,2018,-11.438159489099121
CVX,2019,13.294998427821492
CVX,2020,-26.513114889476352
CVX,2021,45.79246901664349
CVX,2022,55.92449352426942
CVX,2023,-10.902559336502392
CVX,2024,1.0702824108231201
COP,1994,14.002825117788586
COP,1995,8.395039341457045
COP,1996,34.45571704921748
COP,1997,14.253036055985401
COP,1998,-8.45669270384195
COP,1999,12.404586011955864
COP,2000,29.13373222048097
COP,2001,8.223474507852702
COP,2002,-17.243517674808373
COP,2003,37.14913949804366
COP,2004,35.76210359415513
COP,2005,41.26303852042697
COP,2006,21.66101794756552
COP,2007,32.330385645616985
COP,2008,-39.510393379266596
COP,2009,-2.9261689168731175
COP,2010,34.74940012961485
COP,2011,10.760275932989405
COP,2012,7.284782920866606
COP,2013,24.45921032516891
COP,2014,2.776618961543331
COP,2015,-28.86242294236664
COP,2016,9.685707047408144
COP,2017,10.90681996002969
COP,2018,14.730061631491775
COP,2019,4.896400670259116
COP,2020,-36.455870732682726
COP,2021,88.58195708765555
COP,2022,67.99120994571032
COP,2023,6.382680198183421
COP,2024,-13.302682144744981
SLB,1994,-12.561006368179017
SLB,1995,38.538724325842246
SLB,1996,46.79620495629919
SLB,1997,62.90227614932433
SLB,1998,-41.788766038654224
SLB,1999,34.105464038189105
SLB,2000,47.00283652924717
SLB,2001,-31.876369054686116
SLB,2002,-19.986863909499142
SLB,2003,29.037590680390714
SLB,2004,23.986366132485305
SLB,2005,52.76919278907726
SLB,2006,23.180031709115887
SLB,2007,63.1538515540367
SLB,2008,-57.45282430666161
SLB,2009,44.93522441810405
SLB,2010,26.08771388588138
SLB,2011,-17.305487520619423
SLB,2012,0.3899687129125029
SLB,2013,28.17971190019708
SLB,2014,-2.230093935719024
SLB,2015,-16.569776201936893
SLB,2016,24.544495594808314
SLB,2017,-18.19742219671012
SLB,2018,-46.35448232130348
SLB,2019,14.184131121033117
SLB,2020,-43.77107331588419
SLB,2021,38.83206687137124
SLB,2022,71.04404016580123
SLB,2023,2.999939675405483
SLB,2024,-24.382745352047053
EOG,1994,-3.3030978401183297
EOG,1995,27.05274073407129
EOG,1996,4.059056859031629
EOG,1997,-13.46177121098705
EOG,1998,-15.65384955104131
EOG,1999,1.0017027010473356
EOG,2000,254.20698030517102
EOG,2001,-26.68640890618589
EOG,2002,5.267728629819568
EOG,2003,12.683842624845255
EOG,2004,56.39826651361028
EOG,2005,121.15379430717664
EOG,2006,-20.672284301154054
EOG,2007,47.7970064758056
EOG,2008,-26.71447848459163
EOG,2009,39.37083444290528
EOG,2010,-8.389322752846272
EOG,2011,7.383847119118925
EOG,2012,19.856508771542615
EOG,2013,36.40848825675729
EOG,2014,12.198586583864524
EOG,2015,-22.66151480807359
EOG,2016,46.339856657032286
EOG,2017,4.942742112926046
EOG,2018,-19.697894768946455
EOG,2019,-6.467968171595206
EOG,2020,-38.91267021762482
EOG,2021,88.6590399904052
EOG,2022,52.87392857625235
EOG,2023,1.9653806126978868
EOG,2024,3.744625658827183
VZ,1994,-10.725159108416394
VZ,1995,39.66253370880399
VZ,1996,-0.01058607062480732
VZ,1997,40.28596291698503
VZ,1998,22.612369037124314
VZ,1999,21.70907277638616
VZ,2000,-13.923978489921963
VZ,2001,-2.7658294521626714
VZ,2002,-16.979832977483166
VZ,2003,-9.013923621019504
VZ,2004,19.72006554883483
VZ,2005,-22.158576189887857
VZ,2006,33.46523827960173
VZ,2007,20.332771824690376
VZ,2008,-17.156919972975636
VZ,2009,1.5583241853574847
VZ,2010,22.00630610436518
VZ,2011,16.083192967644933
VZ,2012,14.287140076850147
VZ,2013,15.923844203855108
VZ,2014,-0.26339475311686344
VZ,2015,3.2226799110001814
VZ,2016,21.62051635758695
VZ,2017,1.6894962877718855
VZ,2018,10.010664870571805
VZ,2019,14.242847625810718
VZ,2020,0.44164687408516645
VZ,2021,-7.705973018670386
VZ,2022,-20.75370268085538
VZ,2023,0.8699608169591144
VZ,2024,9.708766810887326
T,1994,2.2647658055122477
T,1995,47.84806012179135
T,1996,-7.132641117667015
T,1997,44.93700064224537
T,1998,47.401029478878584
T,1999,-5.049278137350299
T,2000,4.522414997848823
T,2001,-19.87031775946877
T,2002,-28.811487859054917
T,2003,-2.8956437734291907
T,2004,5.159574041139625
T,2005,2.712095893440414
T,2006,54.19928760013555
T,2007,24.858163007112942
T,2008,-25.91858189821733
T,2009,3.4952547887687313
T,2010,11.726276228011368
T,2011,10.009658597530535
T,2012,18.971773711102212
T,2013,7.442064712640195
T,2014,3.008521809741449
T,2015,9.402525657611438
T,2016,32.22377199473912
T,2017,-3.5729191798508086
T,2018,-20.077518764072245
T,2019,43.45462567523013
T,2020,-19.194529192982923
T,2021,-8.074421936794296
T,2022,2.9934719422362033
T,2023,-4.443913810238831
T,2024,40.174176105244655
DIS,1994,7.41093543199407
DIS,1995,27.087135449889853
DIS,1996,15.196633314131326
DIS,1997,47.91287042246426
DIS,1998,-9.096597688318974
DIS,1999,0.011819365244880586
DIS,2000,-2.4706637605267256
DIS,2001,-25.04745202302453
DIS,2002,-23.013932235342203
DIS,2003,36.45299171979548
DIS,2004,18.497681943883304
DIS,2005,-13.016873597126144
DIS,2006,41.72276972077118
DIS,2007,-3.2888563723109
DIS,2008,-27.669262387407322
DIS,2009,36.37921244187867
DIS,2010,18.242223623723696
DIS,2011,0.8189127373190219
DIS,2012,31.96182827070224
DIS,2013,51.356615632939096
DIS,2014,25.065124179001465
DIS,2015,13.459895376600972
DIS,2016,2.7249073135899193
DIS,2017,2.9233297987273366
DIS,2018,-0.36784290927937
DIS,2019,34.34666427580453
DIS,2020,22.25370788165131
DIS,2021,-12.82642873580212
DIS,2022,-44.577692360956476
DIS,2023,1.814393584649343
DIS,2024,23.866595491326503
NFLX,2002,-34.268615957990846
NFLX,2003,377.6404326412794
NFLX,2004,-55.02459867541848
NFLX,2005,127.01278472483529
NFLX,2006,-0.7292917212532335
NFLX,2007,0.037623039254808255
NFLX,2008,13.434404827984414
NFLX,2009,84.43266327917036
NFLX,2010,228.53403078049394
NFLX,2011,-61.16249025615428
NFLX,2012,28.169965194813052
NFLX,2013,300.1411180430664
NFLX,2014,-5.845873154146997
NFLX,2015,129.45491789126135
NFLX,2016,12.586393125080342
NFLX,2017,50.56867012584627
NFLX,2018,33.11782105983394
NFLX,2019,20.888431367197512
NFLX,2020,63.951982998393085
NFLX,2021,15.220135963615999
NFLX,2022,-50.636956809378674
NFLX,2023,65.07204048144466
NFLX,2024,90.24974746459009
CMCSA,1994,-32.87692500835706
CMCSA,1995,15.207909068272073
CMCSA,1996,-0.8989638585761961
CMCSA,1997,85.55730272862073
CMCSA,1998,79.21183199099615
CMCSA,1999,65.49709989648069
CMCSA,2000,-11.630987469546671
CMCSA,2001,-9.859186660637898
CMCSA,2002,-34.36368494914546
CMCSA,2003,32.21775257457238
CMCSA,2004,0.970853047593967
CMCSA,2005,-21.143857591815653
CMCSA,2006,61.380119883803715
CMCSA,2007,-35.794616465706966
CMCSA,2008,-3.6556383474711462
CMCSA,2009,-4.618310728198926
CMCSA,2010,31.520899097875077
CMCSA,2011,8.037375220013088
CMCSA,2012,55.52339178856713
CMCSA,2013,37.295723594187095
CMCSA,2014,14.21101875673303
CMCSA,2015,0.05939389364162384
CMCSA,2016,26.199730909854058
CMCSA,2017,17.456781571578684
CMCSA,2018,-15.214490451168782
CMCSA,2019,32.79457941804884
CMCSA,2020,18.084091202289308
CMCSA,2021,1.4369684806076588
CMCSA,2022,-29.254334810240245
CMCSA,2023,25.919754848336307
CMCSA,2024,-12.062419948075831
NEE,1994,-3.6328298702654527
NEE,1995,38.701402770700774
NEE,1996,4.408483963848897
NEE,1997,34.98531663604809
NEE,1998,7.595669296671015
NEE,1999,-27.191180351931855
NEE,2000,81.5161034390269
NEE,2001,-16.54931820649321
NEE,2002,9.95432799353888
NEE,2003,10.827607383593495
NEE,2004,19.440277844332286
NEE,2005,16.382826266591486
NEE,2006,33.857330614776224
NEE,2007,26.365314530475192
NEE,2008,-21.81443723115043
NEE,2009,5.915244266752051
NEE,2010,1.6089898869178443
NEE,2011,21.304183354005524
NEE,2012,21.784719869779657
NEE,2013,25.585821897405836
NEE,2014,30.001096399400605
NEE,2015,0.3730113554119896
NEE,2016,18.795717705466952
NEE,2017,35.23369651168802
NEE,2018,15.114460234278692
NEE,2019,46.03818501371779
NEE,2020,31.993889729738445
NEE,2021,28.263807295911715
NEE,2022,-6.847842360130008
NEE,2023,-25.497981776496626
NEE,2024,19.82714250581803
DUK,1994,-5.691494663059659
DUK,1995,30.08032281962212
DUK,1996,1.006502298219214
DUK,1997,27.04553954346045
DUK,1998,20.433516955321696
DUK,1999,-19.245278548997057
DUK,2000,82.81329883731286
DUK,2001,-2.500499939136025
DUK,2002,-48.86919601907634
DUK,2003,9.70397476878544
DUK,2004,30.833228331049355
DUK,2005,16.953081924619305
DUK,2006,24.47077364675905
DUK,2007,10.09701304225803
DUK,2008,-20.011863997437494
DUK,2009,18.91113170634906
DUK,2010,11.016658955100178
DUK,2011,29.82280844715326
DUK,2012,3.098053142246515
DUK,2013,10.899987376686383
DUK,2014,27.961672643655877
DUK,2015,-11.313362498771673
DUK,2016,13.754931586315111
DUK,2017,12.795869849862495
DUK,2018,8.551628187291227
DUK,2019,12.371571282421613
DUK,2020,5.780430456804919
DUK,2021,21.567622737012204
DUK,2022,3.416518236121413
DUK,2023,-2.299951659993804
DUK,2024,14.650115726099934
SO,1994,-2.7544465059448853
SO,1995,31.09036100473437
SO,1996,-2.931949335632422
SO,1997,23.45279113607821
SO,1998,17.867761049736753
SO,1999,-15.710554997259397
SO,2000,53.61013659677847
SO,2001,35.887411993349126
SO,2002,16.926983304920775
SO,2003,9.471155129905394
SO,2004,16.898061222211226
SO,2005,9.067392693626797
SO,2006,9.964514765071652
SO,2007,9.49862980901408
SO,2008,1.6722285197781073
SO,2009,-6.103201938633218
SO,2010,20.975338087339736
SO,2011,26.311933650818432
SO,2012,-0.8509111572756467
SO,2013,-1.7505887698458844
SO,2014,26.535476918174506
SO,2015,-0.6188355027327064
SO,2016,9.359244614760343
SO,2017,2.7291836409401693
SO,2018,-1.8747452284112232
SO,2019,52.34656629586365
SO,2020,2.363167886373385
SO,2021,20.392354523103794
SO,2022,8.892540561465356
SO,2023,1.5166790441335287
SO,2024,20.464935084568282
AMT,1998,70.1439066832686
AMT,1999,6.304282044104781
AMT,2000,29.211079545429254
AMT,2001,-73.87586601790224
AMT,2002,-64.66466347864312
AMT,2003,181.0388582614078
AMT,2004,67.73019115880565
AMT,2005,49.229045599225515
AMT,2006,36.556739350622045
AMT,2007,12.105223342484472
AMT,2008,-28.903978488570313
AMT,2009,43.12689617940371
AMT,2010,18.821953986422812
AMT,2011,16.92096653993356
AMT,2012,33.09438207320541
AMT,2013,2.439670496324875
AMT,2014,26.349517539321266
AMT,2015,-0.8217535022698286
AMT,2016,11.511988641146198
AMT,2017,37.10509680139074
AMT,2018,14.559840653905077
AMT,2019,49.23399878962596
AMT,2020,0.09264579025078934
AMT,2021,35.82715055926611
AMT,2022,-24.079719362246554
AMT,2023,3.991740142335609
AMT,2024,-13.339893553389759
PLD,1997,9.874026533783532
PLD,1998,-6.135982994601729
PLD,1999,-2.495971239730166
PLD,2000,38.820022505126595
PLD,2001,8.300626204116401
PLD,2002,11.239801974198738
PLD,2003,28.0867493924273
PLD,2004,28.178802009980597
PLD,2005,26.461800634020705
PLD,2006,21.84277748524883
PLD,2007,1.9857135869143505
PLD,2008,-57.16685147040052
PLD,2009,17.323991131490544
PLD,2010,30.30234845875963
PLD,2011,-8.15317513269137
PLD,2012,28.949079640356977
PLD,2013,1.894475708712151
PLD,2014,20.40824560901995
PLD,2015,2.635925100618497
PLD,2016,30.458424800831786
PLD,2017,25.916295225809737
PLD,2018,-5.516081282734531
PLD,2019,60.484521930058285
PLD,2020,15.700858554682394
PLD,2021,78.82565593510232
PLD,2022,-29.885115263937003
PLD,2023,21.624136187578035
PLD,2024,-18.925890418348434
LIN,1994,25.959549964711925
LIN,1995,68.1439935891057
LIN,1996,40.00959328005802
LIN,1997,-1.8341134643052648
LIN,1998,-21.476667289339524
LIN,1999,41.327337036982016
LIN,2000,-9.46776863886174
LIN,2001,30.110031442843944
LIN,2002,6.734725325942437
LIN,2003,30.748798142526024
LIN,2004,19.049924097479966
LIN,2005,22.22152112067688
LIN,2006,12.153884657107138
LIN,2007,50.9093614209269
LIN,2008,-30.99221754379389
LIN,2009,31.58705670973978
LIN,2010,19.61124195588568
LIN,2011,14.542265457463866
LIN,2012,3.620346475560643
LIN,2013,17.88601404772905
LIN,2014,2.052010309943131
LIN,2015,-19.215593469569015
LIN,2016,18.351075336476306
LIN,2017,35.47804742526801
LIN,2018,2.0157665168269556
LIN,2019,38.01589902496796
LIN,2020,27.16916327376584
LIN,2021,35.81308856213741
LIN,2022,-2.194419269875214
LIN,2023,30.796641227055275
LIN,2024,3.4661018976900326
APD,1994,0.4622959274046323
APD,1995,19.543425113147638
APD,1996,30.997119598943755
APD,1997,22.554019693532812
APD,1998,-2.533456043666904
APD,1999,-12.13654068901776
APD,2000,27.768017320010575
APD,2001,18.23221047250616
APD,2002,-7.384405866788324
APD,2003,26.67501765393765
APD,2004,12.346894402354614
APD,2005,4.195015183782846
APD,2006,20.32780022065237
APD,2007,39.581119523295996
APD,2008,-46.65146095896038
APD,2009,56.76568808251028
APD,2010,12.148230611937638
APD,2011,-3.342888385150622
APD,2012,0.33236866331320947
APD,2013,33.92422826183869
APD,2014,32.49490399375896
APD,2015,-8.395737066601328
APD,2016,23.32642901730417
APD,2017,17.382794382354973
APD,2018,-0.6056078618255856
APD,2019,50.449885728957035
APD,2020,20.794447511681604
APD,2021,15.883700196317996
APD,2022,6.882712912599054
APD,2023,-8.45106943883096
APD,2024,8.21823116692848
